1;Jorge Lopez;9;Administrador
2;Luis Perez;2;Operario
3;Elena Perez;2;Gestor
4;Lucia Sanchez;5;Repartidor
5;Alberto Diaz;5;Gestor
6;Marina Gonzalez;6;Operario
7;Patricia Torres;7;Administrador
8;Marina Vazquez;8;Gestor
9;David Garcia;10;Supervisor
10;Jorge Rodriguez;6;Repartidor
11;Laura Diaz;9;Gestor
12;Elena Garcia;8;Repartidor
13;Sara Vazquez;9;Supervisor
14;Jose Lopez;8;Administrador
15;Alberto Lopez;6;Administrador
16;Elena Lopez;1;Supervisor
17;Pablo Garcia;8;Repartidor
18;Elena Perez;1;Gestor
19;Alberto Martinez;3;Supervisor
20;Elena Diaz;1;Operario
21;Sara Fernandez;8;Repartidor
22;Patricia Fernandez;7;Administrador
23;David Lopez;8;Supervisor
24;Sara Torres;10;Administrador
25;Luis Sanchez;3;Repartidor
26;Ana Martinez;7;Administrador
27;Jorge Lopez;9;Supervisor
28;Jorge Garcia;5;Repartidor
29;Pablo Gonzalez;7;Operario
30;Patricia Vazquez;10;Supervisor
31;Marina Rodriguez;3;Gestor
32;Irene Perez;1;Supervisor
33;Jose Fernandez;1;Repartidor
34;Irene Ramirez;8;Supervisor
35;Miguel Perez;9;Operario
36;Alberto Diaz;3;Operario
37;Irene Sanchez;5;Gestor
38;Elena Martinez;10;Administrador
39;Sara Sanchez;3;Repartidor
40;Daniel Rodriguez;9;Repartidor
41;Raquel Fernandez;2;Administrador
42;Marina Vazquez;9;Operario
43;Laura Fernandez;5;Operario
44;Luis Sanchez;1;Supervisor
45;Laura Martinez;10;Gestor
46;Jorge Martinez;5;Gestor
47;Alberto Fernandez;10;Gestor
48;Luis Sanchez;7;Supervisor
49;Jose Torres;2;Gestor
50;Irene Fernandez;1;Administrador
51;Pablo Torres;6;Supervisor
52;Laura Perez;1;Administrador
53;Pablo Vazquez;1;Supervisor
54;Laura Ramirez;9;Gestor
55;Patricia Rodriguez;2;Administrador
56;Luis Garcia;8;Administrador
57;Manuel Lopez;1;Administrador
58;Raquel Lopez;8;Supervisor
59;David Torres;5;Repartidor
60;Carlos Fernandez;6;Gestor
61;Sofia Ramirez;9;Administrador
62;Luis Ramirez;5;Repartidor
63;Raquel Ramirez;10;Gestor
64;Daniel Ramirez;6;Gestor
65;Jose Rodriguez;1;Administrador
66;Carlos Martinez;6;Administrador
67;Patricia Rodriguez;5;Supervisor
68;Sofia Gonzalez;4;Repartidor
69;Sofia Fernandez;3;Repartidor
70;Irene Ramirez;1;Administrador
71;Manuel Diaz;8;Gestor
72;Luis Perez;7;Administrador
73;Miguel Ramirez;2;Gestor
74;Alberto Garcia;2;Gestor
75;Elena Torres;4;Administrador
76;Miguel Lopez;9;Operario
77;Manuel Vazquez;1;Repartidor
78;Luis Garcia;8;Gestor
79;Pablo Gonzalez;3;Gestor
80;Elena Martinez;2;Operario
81;Jose Gonzalez;6;Supervisor
82;Laura Torres;6;Operario
83;Carlos Ramirez;7;Operario
84;Ana Lopez;2;Gestor
85;Laura Fernandez;7;Repartidor
86;Sofia Vazquez;4;Operario
87;Elena Lopez;5;Supervisor
88;Carlos Lopez;10;Administrador
89;Alberto Vazquez;5;Operario
90;Lucia Diaz;10;Operario
91;Raquel Sanchez;2;Supervisor
92;Sofia Fernandez;10;Repartidor
93;Elena Diaz;3;Operario
94;Jose Lopez;10;Operario
95;Jose Sanchez;7;Repartidor
96;Raquel Lopez;8;Supervisor
97;Alberto Ramirez;10;Operario
98;Lucia Diaz;2;Repartidor
99;Manuel Rodriguez;1;Operario
100;Daniel Martinez;1;Administrador
101;Manuel Fernandez;9;Gestor
102;Patricia Rodriguez;2;Administrador
103;Raquel Lopez;9;Operario
104;Sara Diaz;9;Supervisor
105;Alberto Vazquez;6;Gestor
106;Ana Perez;1;Administrador
107;Raquel Torres;4;Repartidor
108;Lucia Fernandez;2;Supervisor
109;Carlos Garcia;9;Administrador
110;Daniel Rodriguez;5;Repartidor
111;Jose Sanchez;4;Operario
112;Elena Torres;8;Repartidor
113;Miguel Sanchez;2;Administrador
114;Pablo Torres;10;Administrador
115;Marina Perez;7;Operario
116;Lucia Rodriguez;6;Repartidor
117;Lucia Martinez;7;Repartidor
118;Miguel Martinez;5;Operario
119;Luis Vazquez;10;Repartidor
120;Daniel Torres;8;Operario
121;Alberto Diaz;2;Supervisor
122;Daniel Sanchez;10;Administrador
123;David Torres;6;Supervisor
124;David Torres;10;Gestor
125;Marina Perez;6;Gestor
126;Raquel Garcia;9;Gestor
127;Jorge Rodriguez;1;Operario
128;Irene Perez;2;Repartidor
129;Manuel Rodriguez;1;Supervisor
130;Miguel Torres;8;Supervisor
131;Irene Gonzalez;7;Supervisor
132;Lucia Torres;9;Supervisor
133;Luis Sanchez;6;Gestor
134;Irene Lopez;10;Supervisor
135;Alberto Garcia;6;Repartidor
136;Ana Vazquez;8;Gestor
137;Carlos Garcia;1;Supervisor
138;Pablo Martinez;8;Operario
139;Raquel Lopez;4;Administrador
140;Alberto Gonzalez;1;Administrador
141;Miguel Diaz;5;Administrador
142;Marina Ramirez;7;Gestor
143;Patricia Ramirez;9;Supervisor
144;Carlos Gonzalez;1;Gestor
145;Miguel Lopez;2;Repartidor
146;Irene Gonzalez;10;Operario
147;Marina Martinez;3;Operario
148;Miguel Ramirez;5;Administrador
149;Pablo Diaz;1;Administrador
150;Miguel Perez;5;Administrador
151;Patricia Gonzalez;3;Supervisor
152;Lucia Torres;4;Repartidor
153;Sofia Torres;1;Repartidor
154;Miguel Rodriguez;4;Repartidor
155;Laura Lopez;3;Repartidor
156;Luis Rodriguez;2;Administrador
157;Ana Ramirez;4;Operario
158;Laura Garcia;5;Administrador
159;Sofia Ramirez;10;Repartidor
160;Miguel Rodriguez;9;Administrador
161;Daniel Garcia;10;Repartidor
162;Carlos Vazquez;8;Gestor
163;Jorge Vazquez;8;Operario
164;Laura Martinez;3;Gestor
165;Laura Fernandez;4;Supervisor
166;Ana Martinez;10;Administrador
167;Elena Torres;7;Supervisor
168;Ana Martinez;2;Administrador
169;Sofia Fernandez;6;Gestor
170;Elena Fernandez;8;Repartidor
171;Sofia Garcia;1;Repartidor
172;Ana Fernandez;3;Administrador
173;Sara Perez;1;Repartidor
174;Elena Torres;9;Gestor
175;Lucia Lopez;1;Repartidor
176;Daniel Ramirez;4;Gestor
177;Raquel Torres;7;Supervisor
178;Raquel Vazquez;5;Gestor
179;Pablo Vazquez;7;Operario
180;Laura Rodriguez;3;Operario
181;Ana Sanchez;3;Operario
182;Manuel Perez;8;Administrador
183;Jorge Rodriguez;4;Administrador
184;Laura Perez;2;Administrador
185;Elena Garcia;1;Gestor
186;Sara Martinez;3;Administrador
187;Irene Perez;9;Supervisor
188;Miguel Garcia;9;Operario
189;Raquel Vazquez;9;Gestor
190;Sofia Rodriguez;2;Operario
191;Carlos Rodriguez;4;Administrador
192;Luis Sanchez;1;Gestor
193;Irene Fernandez;3;Repartidor
194;David Lopez;3;Supervisor
195;Carlos Diaz;10;Administrador
196;David Garcia;5;Administrador
197;Jose Gonzalez;1;Supervisor
198;Sara Sanchez;2;Supervisor
199;Lucia Fernandez;1;Repartidor
200;Sofia Gonzalez;2;Administrador
201;Jose Martinez;9;Administrador
202;Jorge Rodriguez;2;Operario
203;Marina Vazquez;7;Gestor
204;Alberto Garcia;6;Gestor
205;Marina Martinez;6;Operario
206;Irene Gonzalez;7;Gestor
207;Marina Martinez;6;Supervisor
208;Ana Sanchez;6;Gestor
209;Sara Ramirez;2;Gestor
210;Alberto Lopez;3;Operario
211;Ana Fernandez;5;Repartidor
212;Carlos Gonzalez;8;Gestor
213;Irene Rodriguez;9;Gestor
214;Irene Torres;8;Repartidor
215;Carlos Ramirez;5;Operario
216;Luis Rodriguez;6;Repartidor
217;Patricia Garcia;10;Operario
218;Patricia Martinez;9;Supervisor
219;Patricia Rodriguez;8;Operario
220;Ana Gonzalez;4;Supervisor
221;David Martinez;1;Supervisor
222;Daniel Lopez;6;Operario
223;Carlos Perez;2;Administrador
224;Carlos Rodriguez;8;Operario
225;Alberto Rodriguez;4;Gestor
226;Daniel Vazquez;2;Gestor
227;Elena Vazquez;1;Administrador
228;Daniel Rodriguez;4;Supervisor
229;Irene Vazquez;5;Administrador
230;Sofia Diaz;9;Gestor
231;Carlos Vazquez;10;Administrador
232;Manuel Gonzalez;5;Operario
233;Jorge Gonzalez;9;Administrador
234;Carlos Torres;3;Supervisor
235;Carlos Diaz;8;Operario
236;Irene Perez;1;Repartidor
237;Alberto Ramirez;10;Gestor
238;Manuel Ramirez;3;Gestor
239;Ana Lopez;1;Administrador
240;David Vazquez;4;Operario
241;Patricia Gonzalez;2;Repartidor
242;Miguel Vazquez;9;Operario
243;Luis Rodriguez;6;Gestor
244;Lucia Sanchez;8;Operario
245;Laura Garcia;6;Repartidor
246;Jorge Sanchez;10;Administrador
247;Sara Rodriguez;2;Supervisor
248;Lucia Vazquez;2;Operario
249;Sofia Sanchez;9;Supervisor
250;Irene Lopez;5;Gestor
251;Sara Gonzalez;4;Administrador
252;Miguel Diaz;2;Administrador
253;Patricia Sanchez;9;Operario
254;Jorge Martinez;2;Administrador
255;Jorge Sanchez;5;Operario
256;Carlos Diaz;5;Operario
257;Sofia Lopez;5;Supervisor
258;Marina Sanchez;8;Administrador
259;Miguel Lopez;6;Operario
260;Luis Lopez;2;Supervisor
261;Irene Lopez;3;Repartidor
262;Irene Lopez;1;Supervisor
263;Daniel Rodriguez;8;Supervisor
264;Pablo Gonzalez;3;Operario
265;Pablo Vazquez;7;Gestor
266;Jose Lopez;4;Gestor
267;Sara Sanchez;7;Gestor
268;Lucia Fernandez;8;Supervisor
269;Sara Vazquez;7;Operario
270;Irene Perez;9;Administrador
271;Ana Ramirez;2;Supervisor
272;Sara Martinez;4;Supervisor
273;Marina Lopez;4;Operario
274;Marina Garcia;2;Repartidor
275;David Garcia;7;Supervisor
276;David Ramirez;6;Repartidor
277;Luis Fernandez;5;Repartidor
278;Raquel Garcia;2;Gestor
279;Marina Fernandez;4;Operario
280;Laura Lopez;1;Repartidor
281;Jose Sanchez;3;Operario
282;Carlos Perez;2;Gestor
283;Laura Garcia;8;Operario
284;Alberto Garcia;6;Supervisor
285;Daniel Gonzalez;5;Repartidor
286;Jorge Vazquez;8;Operario
287;Luis Sanchez;7;Administrador
288;Jorge Perez;1;Operario
289;Daniel Perez;4;Repartidor
290;Jose Garcia;10;Gestor
291;Daniel Gonzalez;3;Gestor
292;Ana Perez;4;Repartidor
293;Pablo Lopez;9;Supervisor
294;Sara Lopez;1;Supervisor
295;Laura Torres;4;Gestor
296;Patricia Rodriguez;8;Gestor
297;Jose Rodriguez;8;Repartidor
298;Alberto Gonzalez;9;Supervisor
299;Miguel Gonzalez;6;Gestor
300;Manuel Diaz;7;Supervisor
301;Jorge Lopez;7;Gestor
302;Laura Torres;3;Operario
303;Sofia Vazquez;5;Administrador
304;Pablo Perez;9;Operario
305;Laura Ramirez;10;Gestor
306;David Fernandez;1;Administrador
307;Alberto Fernandez;8;Administrador
308;Ana Garcia;9;Gestor
309;Lucia Rodriguez;10;Gestor
310;Patricia Ramirez;3;Supervisor
311;David Ramirez;7;Gestor
312;Irene Torres;3;Repartidor
313;Lucia Vazquez;9;Gestor
314;Laura Fernandez;6;Repartidor
315;Daniel Lopez;2;Gestor
316;Raquel Vazquez;8;Supervisor
317;Carlos Diaz;5;Repartidor
318;Marina Garcia;10;Operario
319;Laura Fernandez;10;Repartidor
320;David Ramirez;6;Supervisor
321;Laura Diaz;1;Repartidor
322;Patricia Vazquez;9;Gestor
323;Irene Martinez;4;Gestor
324;Sara Rodriguez;3;Supervisor
325;Elena Gonzalez;3;Administrador
326;Patricia Garcia;2;Gestor
327;Ana Torres;8;Operario
328;Miguel Garcia;1;Supervisor
329;Elena Ramirez;4;Repartidor
330;Alberto Fernandez;6;Repartidor
331;Daniel Lopez;7;Operario
332;Laura Perez;10;Gestor
333;Patricia Sanchez;3;Supervisor
334;Elena Diaz;6;Operario
335;Jose Ramirez;8;Gestor
336;Daniel Fernandez;5;Supervisor
337;Carlos Lopez;6;Repartidor
338;Alberto Rodriguez;1;Supervisor
339;Irene Gonzalez;8;Administrador
340;Elena Martinez;8;Supervisor
341;Jose Lopez;6;Administrador
342;Luis Perez;5;Supervisor
343;Ana Martinez;5;Administrador
344;Manuel Sanchez;5;Repartidor
345;Miguel Vazquez;1;Gestor
346;Alberto Ramirez;7;Administrador
347;Jorge Perez;6;Administrador
348;Marina Torres;4;Repartidor
349;Raquel Perez;7;Administrador
350;Luis Vazquez;6;Operario
351;Jorge Gonzalez;3;Repartidor
352;Luis Rodriguez;1;Operario
353;Laura Gonzalez;8;Repartidor
354;Marina Fernandez;4;Administrador
355;Jose Ramirez;10;Operario
356;Marina Lopez;3;Administrador
357;Patricia Sanchez;9;Repartidor
358;Carlos Ramirez;3;Administrador
359;Raquel Ramirez;7;Operario
360;Sara Rodriguez;3;Operario
361;Marina Torres;6;Administrador
362;Elena Garcia;4;Supervisor
363;Patricia Ramirez;4;Repartidor
364;Carlos Lopez;6;Repartidor
365;Sara Diaz;7;Administrador
366;Raquel Gonzalez;10;Supervisor
367;Sofia Perez;7;Operario
368;Manuel Lopez;1;Gestor
369;Lucia Rodriguez;1;Gestor
370;Sara Torres;5;Administrador
371;Ana Torres;7;Supervisor
372;Jorge Martinez;10;Supervisor
373;Laura Sanchez;1;Repartidor
374;Marina Martinez;4;Operario
375;Patricia Rodriguez;9;Supervisor
376;Daniel Rodriguez;4;Gestor
377;Pablo Sanchez;3;Operario
378;Miguel Rodriguez;10;Operario
379;Patricia Gonzalez;1;Administrador
380;Jorge Torres;1;Supervisor
381;Sara Rodriguez;7;Administrador
382;Carlos Fernandez;6;Supervisor
383;Manuel Vazquez;9;Repartidor
384;Manuel Garcia;2;Administrador
385;Patricia Gonzalez;5;Administrador
386;Daniel Vazquez;10;Gestor
387;Sofia Lopez;3;Administrador
388;Lucia Gonzalez;9;Supervisor
389;Raquel Rodriguez;8;Gestor
390;Pablo Sanchez;3;Administrador
391;Luis Fernandez;1;Administrador
392;Sara Garcia;7;Repartidor
393;Alberto Diaz;7;Administrador
394;Daniel Garcia;6;Operario
395;Pablo Martinez;2;Gestor
396;Lucia Rodriguez;6;Operario
397;Raquel Diaz;7;Gestor
398;Alberto Martinez;7;Repartidor
399;Alberto Vazquez;8;Administrador
400;Jose Sanchez;9;Administrador
401;David Torres;6;Administrador
402;Raquel Lopez;1;Gestor
403;Sara Torres;3;Administrador
404;Irene Gonzalez;2;Operario
405;Daniel Diaz;8;Administrador
406;Pablo Martinez;7;Repartidor
407;Daniel Martinez;8;Operario
408;Pablo Diaz;1;Administrador
409;Daniel Gonzalez;3;Administrador
410;Manuel Torres;10;Supervisor
411;Ana Torres;8;Gestor
412;Manuel Lopez;8;Operario
413;Jorge Rodriguez;10;Supervisor
414;Pablo Lopez;5;Repartidor
415;Marina Lopez;4;Gestor
416;Lucia Martinez;10;Operario
417;Lucia Sanchez;4;Administrador
418;Miguel Fernandez;9;Operario
419;Ana Garcia;4;Administrador
420;Lucia Martinez;9;Gestor
421;David Martinez;6;Administrador
422;Patricia Vazquez;8;Repartidor
423;Elena Vazquez;1;Administrador
424;Sara Perez;3;Repartidor
425;Lucia Lopez;5;Gestor
426;Elena Torres;6;Gestor
427;Miguel Gonzalez;6;Operario
428;Patricia Perez;3;Repartidor
429;Marina Martinez;7;Repartidor
430;Marina Ramirez;5;Supervisor
431;Daniel Martinez;5;Supervisor
432;Elena Ramirez;8;Supervisor
433;Daniel Rodriguez;7;Administrador
434;Jose Rodriguez;8;Supervisor
435;Irene Torres;3;Repartidor
436;Jose Ramirez;1;Administrador
437;Lucia Fernandez;7;Gestor
438;Luis Diaz;9;Operario
439;Miguel Martinez;9;Supervisor
440;Alberto Fernandez;6;Gestor
441;Jose Rodriguez;6;Repartidor
442;Alberto Sanchez;10;Operario
443;Marina Torres;3;Gestor
444;Elena Perez;4;Operario
445;Patricia Ramirez;2;Supervisor
446;Jorge Torres;10;Repartidor
447;Irene Lopez;8;Operario
448;Ana Sanchez;10;Gestor
449;Jorge Perez;8;Supervisor
450;Pablo Gonzalez;5;Supervisor
451;Manuel Ramirez;10;Gestor
452;Elena Ramirez;7;Gestor
453;David Garcia;1;Operario
454;Irene Lopez;1;Administrador
455;Lucia Torres;7;Supervisor
456;Miguel Martinez;10;Operario
457;Luis Garcia;9;Gestor
458;Carlos Vazquez;1;Operario
459;Jose Ramirez;5;Gestor
460;Miguel Martinez;9;Repartidor
461;Pablo Garcia;4;Gestor
462;Carlos Martinez;10;Gestor
463;Patricia Martinez;4;Gestor
464;Carlos Garcia;1;Administrador
465;Marina Lopez;5;Gestor
466;Jorge Fernandez;10;Supervisor
467;Raquel Ramirez;5;Supervisor
468;Carlos Torres;9;Operario
469;Carlos Gonzalez;1;Administrador
470;Miguel Martinez;1;Operario
471;Elena Perez;8;Supervisor
472;Alberto Perez;2;Supervisor
473;Sofia Vazquez;2;Repartidor
474;Marina Gonzalez;3;Gestor
475;Manuel Garcia;1;Supervisor
476;Miguel Lopez;9;Operario
477;Sara Torres;10;Operario
478;Lucia Rodriguez;3;Gestor
479;Alberto Perez;1;Gestor
480;Laura Lopez;2;Repartidor
481;Alberto Martinez;8;Administrador
482;Sara Vazquez;8;Operario
483;Patricia Diaz;6;Gestor
484;David Perez;1;Operario
485;Pablo Fernandez;1;Gestor
486;Ana Perez;7;Supervisor
487;Elena Garcia;7;Operario
488;Marina Rodriguez;10;Supervisor
489;Ana Martinez;6;Operario
490;Miguel Rodriguez;10;Administrador
491;Irene Diaz;8;Repartidor
492;Manuel Lopez;9;Supervisor
493;Manuel Diaz;6;Gestor
494;Elena Torres;9;Administrador
495;Laura Perez;7;Operario
496;David Rodriguez;8;Supervisor
497;Jorge Lopez;2;Operario
498;Laura Sanchez;1;Operario
499;David Perez;8;Operario
500;Irene Torres;2;Repartidor
501;Sara Martinez;9;Repartidor
502;Elena Fernandez;3;Gestor
503;Miguel Gonzalez;7;Supervisor
504;Daniel Gonzalez;2;Administrador
505;Irene Diaz;5;Administrador
506;Laura Martinez;9;Administrador
507;Luis Vazquez;4;Operario
508;Luis Sanchez;3;Repartidor
509;Laura Lopez;5;Supervisor
510;Raquel Diaz;3;Operario
511;Jorge Rodriguez;2;Repartidor
512;Sofia Martinez;8;Repartidor
513;Manuel Ramirez;6;Supervisor
514;Elena Diaz;3;Supervisor
515;Patricia Sanchez;1;Supervisor
516;Raquel Garcia;4;Operario
517;Daniel Sanchez;3;Gestor
518;Daniel Fernandez;10;Supervisor
519;Lucia Vazquez;4;Gestor
520;Sofia Torres;1;Operario
521;Jorge Ramirez;2;Gestor
522;Ana Garcia;1;Administrador
523;Lucia Ramirez;3;Gestor
524;Sara Fernandez;6;Supervisor
525;Jorge Gonzalez;2;Operario
526;David Rodriguez;2;Supervisor
527;Sofia Fernandez;3;Administrador
528;Sofia Gonzalez;1;Supervisor
529;Elena Ramirez;1;Supervisor
530;Jose Fernandez;4;Supervisor
531;Alberto Vazquez;10;Repartidor
532;Elena Ramirez;2;Administrador
533;Carlos Martinez;2;Supervisor
534;Ana Vazquez;1;Supervisor
535;Raquel Lopez;8;Supervisor
536;Luis Lopez;1;Operario
537;Ana Rodriguez;8;Repartidor
538;Carlos Ramirez;8;Operario
539;Manuel Fernandez;10;Repartidor
540;Jose Ramirez;10;Supervisor
541;Raquel Martinez;4;Administrador
542;Pablo Lopez;9;Gestor
543;Elena Diaz;6;Gestor
544;Alberto Diaz;7;Supervisor
545;Ana Garcia;9;Operario
546;Sara Fernandez;6;Administrador
547;Carlos Gonzalez;9;Repartidor
548;Laura Perez;9;Supervisor
549;Alberto Sanchez;9;Administrador
550;Sofia Ramirez;8;Administrador
551;Sara Vazquez;7;Repartidor
552;Luis Perez;1;Administrador
553;Ana Rodriguez;3;Operario
554;Alberto Martinez;4;Operario
555;Alberto Lopez;7;Operario
556;Ana Ramirez;9;Administrador
557;Patricia Rodriguez;2;Operario
558;Patricia Rodriguez;9;Repartidor
559;Elena Garcia;6;Administrador
560;Miguel Ramirez;8;Gestor
561;Ana Vazquez;3;Administrador
562;Daniel Fernandez;3;Repartidor
563;Manuel Garcia;2;Gestor
564;Sofia Diaz;8;Administrador
565;Carlos Perez;8;Operario
566;Patricia Martinez;4;Supervisor
567;Patricia Rodriguez;4;Supervisor
568;Laura Gonzalez;9;Operario
569;Manuel Diaz;7;Supervisor
570;Sara Garcia;8;Supervisor
571;Laura Perez;10;Operario
572;Patricia Torres;1;Operario
573;Sofia Sanchez;9;Administrador
574;Raquel Ramirez;4;Administrador
575;Manuel Gonzalez;4;Operario
576;Ana Torres;4;Repartidor
577;Manuel Ramirez;6;Supervisor
578;Sara Sanchez;5;Administrador
579;Patricia Ramirez;8;Supervisor
580;Manuel Rodriguez;9;Gestor
581;Patricia Perez;8;Operario
582;Sofia Lopez;4;Repartidor
583;Lucia Perez;3;Gestor
584;Pablo Ramirez;6;Gestor
585;Luis Perez;8;Gestor
586;Sara Ramirez;9;Operario
587;Patricia Diaz;8;Administrador
588;Ana Ramirez;10;Operario
589;Patricia Ramirez;6;Administrador
590;Lucia Diaz;9;Gestor
591;Lucia Vazquez;2;Gestor
592;Laura Fernandez;3;Repartidor
593;David Martinez;9;Administrador
594;David Perez;2;Gestor
595;Raquel Garcia;2;Supervisor
596;Raquel Vazquez;7;Repartidor
597;Ana Diaz;5;Operario
598;Patricia Fernandez;10;Repartidor
599;Jorge Rodriguez;1;Supervisor
600;Jorge Gonzalez;1;Administrador
601;Elena Garcia;4;Operario
602;David Ramirez;5;Operario
603;Lucia Gonzalez;4;Administrador
604;Pablo Fernandez;6;Repartidor
605;Luis Perez;7;Gestor
606;Daniel Sanchez;8;Repartidor
607;Alberto Perez;10;Supervisor
608;Elena Martinez;10;Gestor
609;Elena Ramirez;6;Repartidor
610;Manuel Torres;10;Administrador
611;Sara Martinez;5;Supervisor
612;Laura Lopez;2;Supervisor
613;Manuel Martinez;9;Supervisor
614;Sara Ramirez;1;Gestor
615;Manuel Rodriguez;5;Operario
616;Miguel Vazquez;8;Gestor
617;Lucia Martinez;6;Repartidor
618;Elena Gonzalez;8;Operario
619;Elena Fernandez;1;Repartidor
620;Carlos Diaz;6;Operario
621;David Garcia;10;Gestor
622;Laura Sanchez;5;Supervisor
623;Sofia Martinez;3;Administrador
624;Irene Garcia;10;Supervisor
625;Elena Martinez;1;Gestor
626;Laura Gonzalez;4;Operario
627;Marina Garcia;1;Supervisor
628;Daniel Garcia;8;Gestor
629;Ana Perez;4;Repartidor
630;Patricia Gonzalez;1;Administrador
631;Raquel Rodriguez;4;Supervisor
632;Pablo Martinez;3;Operario
633;Pablo Garcia;3;Repartidor
634;Laura Diaz;9;Gestor
635;Sara Vazquez;5;Administrador
636;Luis Torres;10;Operario
637;Miguel Lopez;7;Gestor
638;Pablo Torres;3;Gestor
639;Jose Martinez;5;Supervisor
640;David Ramirez;4;Supervisor
641;Jorge Garcia;7;Operario
642;David Garcia;3;Gestor
643;Manuel Diaz;5;Supervisor
644;Miguel Sanchez;9;Administrador
645;David Sanchez;9;Administrador
646;Daniel Diaz;7;Gestor
647;Patricia Gonzalez;9;Supervisor
648;Jose Garcia;2;Operario
649;Laura Vazquez;4;Operario
650;Manuel Vazquez;8;Operario
651;Laura Perez;5;Administrador
652;Daniel Vazquez;5;Supervisor
653;Raquel Garcia;6;Supervisor
654;Daniel Torres;10;Administrador
655;Miguel Vazquez;5;Operario
656;Jorge Perez;10;Operario
657;Patricia Sanchez;8;Gestor
658;Daniel Sanchez;5;Repartidor
659;Pablo Rodriguez;5;Supervisor
660;Irene Fernandez;4;Supervisor
661;Carlos Rodriguez;6;Supervisor
662;Luis Rodriguez;3;Repartidor
663;Irene Lopez;4;Gestor
664;Manuel Vazquez;2;Repartidor
665;Laura Rodriguez;7;Operario
666;Pablo Garcia;7;Operario
667;Elena Torres;9;Supervisor
668;Manuel Ramirez;1;Administrador
669;Miguel Fernandez;10;Supervisor
670;David Torres;2;Administrador
671;Carlos Gonzalez;6;Repartidor
672;Jose Torres;1;Operario
673;Patricia Fernandez;5;Administrador
674;Manuel Martinez;8;Repartidor
675;David Ramirez;1;Operario
676;Miguel Vazquez;1;Administrador
677;Ana Rodriguez;8;Supervisor
678;Sofia Diaz;9;Supervisor
679;Carlos Martinez;10;Supervisor
680;Ana Perez;7;Repartidor
681;Carlos Garcia;7;Supervisor
682;David Vazquez;7;Gestor
683;Ana Diaz;10;Operario
684;Luis Sanchez;8;Repartidor
685;Daniel Torres;7;Supervisor
686;Jorge Lopez;8;Operario
687;Pablo Ramirez;9;Administrador
688;Sofia Vazquez;9;Supervisor
689;Jose Fernandez;10;Operario
690;Lucia Gonzalez;9;Gestor
691;Daniel Sanchez;6;Administrador
692;David Lopez;5;Gestor
693;Sofia Torres;8;Operario
694;Elena Fernandez;7;Gestor
695;Ana Gonzalez;4;Operario
696;Elena Ramirez;6;Operario
697;Laura Diaz;3;Gestor
698;Raquel Torres;8;Operario
699;Lucia Vazquez;8;Supervisor
700;Luis Perez;5;Operario
701;Miguel Fernandez;10;Repartidor
702;Jorge Sanchez;9;Operario
703;Lucia Lopez;10;Repartidor
704;Luis Garcia;5;Operario
705;Alberto Rodriguez;5;Operario
706;Manuel Torres;10;Gestor
707;Irene Vazquez;3;Supervisor
708;Ana Diaz;10;Supervisor
709;Alberto Diaz;10;Administrador
710;Jose Garcia;8;Gestor
711;Pablo Martinez;1;Gestor
712;Jorge Perez;4;Supervisor
713;Carlos Rodriguez;9;Gestor
714;Elena Martinez;2;Supervisor
715;Luis Rodriguez;8;Gestor
716;Pablo Fernandez;1;Operario
717;Jorge Perez;8;Supervisor
718;Ana Diaz;7;Supervisor
719;Daniel Rodriguez;3;Repartidor
720;Patricia Martinez;1;Gestor
721;Jose Diaz;2;Gestor
722;Marina Gonzalez;2;Supervisor
723;Irene Martinez;4;Operario
724;Alberto Lopez;5;Operario
725;Marina Lopez;5;Operario
726;Jorge Torres;2;Gestor
727;Jorge Gonzalez;5;Repartidor
728;Sofia Rodriguez;4;Supervisor
729;Irene Vazquez;7;Administrador
730;David Garcia;5;Repartidor
731;Daniel Diaz;2;Administrador
732;Alberto Rodriguez;8;Repartidor
733;Pablo Martinez;7;Operario
734;Lucia Lopez;6;Gestor
735;Jorge Ramirez;4;Administrador
736;Pablo Fernandez;6;Repartidor
737;Daniel Martinez;2;Gestor
738;Manuel Gonzalez;7;Administrador
739;Marina Fernandez;1;Supervisor
740;Daniel Gonzalez;2;Repartidor
741;Pablo Lopez;10;Supervisor
742;Patricia Vazquez;2;Operario
743;Elena Diaz;9;Supervisor
744;Miguel Rodriguez;9;Supervisor
745;Manuel Garcia;5;Repartidor
746;Ana Fernandez;4;Operario
747;Jose Rodriguez;6;Supervisor
748;Manuel Garcia;10;Gestor
749;Ana Vazquez;7;Administrador
750;Irene Perez;8;Supervisor
751;Manuel Lopez;10;Operario
752;Miguel Lopez;9;Supervisor
753;Laura Vazquez;8;Administrador
754;Jorge Garcia;3;Operario
755;Jorge Rodriguez;7;Repartidor
756;Manuel Diaz;5;Operario
757;Carlos Diaz;4;Repartidor
758;Daniel Vazquez;9;Operario
759;Jose Sanchez;8;Administrador
760;Jorge Garcia;2;Administrador
761;Sara Ramirez;3;Operario
762;Patricia Torres;2;Supervisor
763;Elena Martinez;9;Administrador
764;Pablo Gonzalez;10;Repartidor
765;Manuel Torres;5;Repartidor
766;Raquel Vazquez;1;Gestor
767;Elena Rodriguez;3;Repartidor
768;Sofia Sanchez;3;Gestor
769;Lucia Martinez;3;Operario
770;Jose Garcia;10;Operario
771;Alberto Diaz;6;Operario
772;Jose Ramirez;6;Supervisor
773;Manuel Fernandez;9;Supervisor
774;Pablo Gonzalez;8;Gestor
775;Patricia Diaz;6;Repartidor
776;Irene Vazquez;4;Repartidor
777;Manuel Rodriguez;10;Operario
778;Miguel Gonzalez;6;Administrador
779;Raquel Ramirez;5;Supervisor
780;Laura Rodriguez;4;Supervisor
781;Daniel Garcia;3;Operario
782;Pablo Garcia;4;Supervisor
783;Luis Perez;4;Operario
784;Manuel Martinez;9;Gestor
785;Ana Diaz;9;Repartidor
786;Jorge Sanchez;10;Administrador
787;Raquel Fernandez;5;Repartidor
788;Jose Gonzalez;10;Repartidor
789;Marina Torres;1;Gestor
790;Raquel Vazquez;7;Supervisor
791;Carlos Ramirez;1;Administrador
792;Ana Perez;7;Supervisor
793;Alberto Gonzalez;9;Repartidor
794;Manuel Fernandez;2;Operario
795;Laura Torres;1;Repartidor
796;Pablo Perez;6;Supervisor
797;Miguel Sanchez;6;Repartidor
798;Ana Garcia;7;Operario
799;Lucia Ramirez;3;Gestor
800;Jorge Garcia;7;Supervisor
