1,Muñeca articulada,Muñeca articulada colores vibrantes,115.93,34,JUGUETERIA
2,Set de toallas,Set de toallas facil de limpiar,386.2,72,HOGAR
3,Pantalon vaquero,Pantalon vaquero gran comodidad,304.12,14,ROPA
4,Portatil,Portatil con gran autonomia,481.51,97,ELECTRONICA
5,Paquete de arroz,Paquete de arroz perfecto para el dia a dia,30.87,14,ALIMENTACION
6,Auriculares Bluetooth,Auriculares Bluetooth de ultima generacion,87.69,16,ELECTRONICA
7,Puzzle de 1000 piezas,Puzzle de 1000 piezas materiales seguros,365.53,91,JUGUETERIA
8,Cargador portatil,Cargador portatil de facil uso,367.61,13,OTROS
9,Agenda anual,Agenda anual con diseno exclusivo,410.48,16,LIBRERIA
10,Juego de mesa familiar,Juego de mesa familiar con accesorios incluidos,385.76,1,JUGUETERIA
11,Juego de mesa familiar,Juego de mesa familiar estimula la creatividad,146.95,22,JUGUETERIA
12,Caja de cereales,Caja de cereales sin azucar anadido,36.04,54,ALIMENTACION
13,Cortina de ducha,Cortina de ducha materiales resistentes,377.84,68,HOGAR
14,Raqueta de tenis,Raqueta de tenis ideal para entrenamiento,401.88,53,DEPORTE
15,Pesas ajustables,Pesas ajustables ergonomico,398.33,47,DEPORTE
16,Portatil,Portatil con pantalla 4K,386.23,92,ELECTRONICA
17,Paquete de arroz,Paquete de arroz sin azucar anadido,16.43,99,ALIMENTACION
18,Boligrafo azul,Boligrafo azul tapa dura,199.67,5,LIBRERIA
19,Set de marcadores,Set de marcadores tapa dura,488.98,92,LIBRERIA
20,Chaqueta impermeable,Chaqueta impermeable para cualquier ocasion,443.46,90,ROPA
21,Sudadera con capucha,Sudadera con capucha diseno atemporal,8.91,36,ROPA
22,Boligrafo azul,Boligrafo azul ideal para estudiantes,323.72,70,LIBRERIA
23,Mochila escolar,Mochila escolar de facil uso,388.82,39,OTROS
24,Paquete de arroz,Paquete de arroz perfecto para el dia a dia,17.39,93,ALIMENTACION
25,Set de marcadores,Set de marcadores edicion limitada,145.54,12,LIBRERIA
26,Zapatillas deportivas,Zapatillas deportivas diseno atemporal,379.74,21,ROPA
27,Televisor LED,Televisor LED ideal para entretenimiento,298.29,31,ELECTRONICA
28,Chaqueta impermeable,Chaqueta impermeable gran comodidad,59.67,8,ROPA
29,Set de toallas,Set de toallas color neutro,180.46,7,HOGAR
30,Tableta de chocolate,Tableta de chocolate sin azucar anadido,29.05,1,ALIMENTACION
31,Mochila escolar,Mochila escolar compacto y ligero,403.67,75,OTROS
32,Puzzle de 1000 piezas,Puzzle de 1000 piezas estimula la creatividad,145.85,92,JUGUETERIA
33,Boligrafo azul,Boligrafo azul edicion limitada,370.07,14,LIBRERIA
34,Cojin decorativo,Cojin decorativo color neutro,100.31,100,HOGAR
35,Sarten antiadherente,Sarten antiadherente facil de limpiar,77.54,55,HOGAR
36,Balon de futbol,Balon de futbol resistente y duradero,35.79,17,DEPORTE
37,Paraguas automatico,Paraguas automatico de facil uso,43.65,87,OTROS
38,Esterilla de yoga,Esterilla de yoga ergonomico,261.88,51,DEPORTE
39,Zapatillas deportivas,Zapatillas deportivas para cualquier ocasion,320.05,57,ROPA
40,Linterna LED,Linterna LED compacto y ligero,76.45,17,OTROS
41,Linterna LED,Linterna LED compacto y ligero,484.18,66,OTROS
42,Botella de aceite,Botella de aceite en envase reciclable,24.19,96,ALIMENTACION
43,Set de marcadores,Set de marcadores con diseno exclusivo,461.24,16,LIBRERIA
44,Balon de futbol,Balon de futbol resistente y duradero,187.95,38,DEPORTE
45,Auriculares Bluetooth,Auriculares Bluetooth con pantalla 4K,63.28,40,ELECTRONICA
46,Set de toallas,Set de toallas diseno elegante,245.53,19,HOGAR
47,Set de marcadores,Set de marcadores ideal para estudiantes,29.08,40,LIBRERIA
48,Pantalon vaquero,Pantalon vaquero corte moderno,410.47,63,ROPA
49,Televisor LED,Televisor LED ideal para entretenimiento,177.58,6,ELECTRONICA
50,Pesas ajustables,Pesas ajustables ergonomico,158.3,58,DEPORTE
51,Sarten antiadherente,Sarten antiadherente perfecto para el hogar,418.06,78,HOGAR
52,Cuaderno de notas,Cuaderno de notas edicion limitada,320.05,98,LIBRERIA
53,Linterna LED,Linterna LED compacto y ligero,433.84,42,OTROS
54,Botella de agua mineral,Botella de agua mineral perfecto para el dia a dia,21.07,30,ALIMENTACION
55,Bicicleta de montanya,Bicicleta de montanya ergonomico,27.68,86,DEPORTE
56,Mochila escolar,Mochila escolar multiusos,433.65,91,OTROS
57,Auriculares Bluetooth,Auriculares Bluetooth de alta fidelidad,282.72,16,ELECTRONICA
58,Botella de aceite,Botella de aceite perfecto para el dia a dia,27.55,97,ALIMENTACION
59,Auriculares Bluetooth,Auriculares Bluetooth ideal para entretenimiento,98.75,61,ELECTRONICA
60,Televisor LED,Televisor LED ideal para entretenimiento,93.97,3,ELECTRONICA
61,Pantalon vaquero,Pantalon vaquero corte moderno,415.7,75,ROPA
62,Maleta de viaje,Maleta de viaje con garantia,305.39,52,OTROS
63,Portatil,Portatil de ultima generacion,173.28,24,ELECTRONICA
64,Balon de futbol,Balon de futbol ergonomico,162.1,33,DEPORTE
65,Paquete de arroz,Paquete de arroz 100% natural,27.55,37,ALIMENTACION
66,Cuaderno de notas,Cuaderno de notas con diseno exclusivo,385.31,20,LIBRERIA
67,Chaqueta impermeable,Chaqueta impermeable corte moderno,34.16,42,ROPA
68,Libro de aventuras,Libro de aventuras tapa dura,152.52,13,LIBRERIA
69,Cortina de ducha,Cortina de ducha perfecto para el hogar,447.04,34,HOGAR
70,Balon de futbol,Balon de futbol resistente y duradero,105.27,97,DEPORTE
71,Juego de mesa familiar,Juego de mesa familiar colores vibrantes,377.43,50,JUGUETERIA
72,Caja de cereales,Caja de cereales 100% natural,16.6,71,ALIMENTACION
73,Balon de futbol,Balon de futbol facil de transportar,19.31,82,DEPORTE
74,Muñeca articulada,Muñeca articulada estimula la creatividad,279.27,76,JUGUETERIA
75,Botella de aceite,Botella de aceite perfecto para el dia a dia,32.93,17,ALIMENTACION
76,Zapatillas deportivas,Zapatillas deportivas para cualquier ocasion,225.76,82,ROPA
77,Coche teledirigido,Coche teledirigido estimula la creatividad,272.52,22,JUGUETERIA
78,Lego City,Lego City con accesorios incluidos,480.87,72,JUGUETERIA
79,Maleta de viaje,Maleta de viaje multiusos,407.26,80,OTROS
80,Pantalon vaquero,Pantalon vaquero algodon organico,34.79,62,ROPA
81,Zapatillas deportivas,Zapatillas deportivas diseno atemporal,420.55,49,ROPA
82,Cortina de ducha,Cortina de ducha color neutro,421.14,37,HOGAR
83,Smartphone,Smartphone ideal para entretenimiento,283.73,39,ELECTRONICA
84,Tableta de chocolate,Tableta de chocolate 100% natural,41.69,93,ALIMENTACION
85,Chaqueta impermeable,Chaqueta impermeable corte moderno,307.17,41,ROPA
86,Set de toallas,Set de toallas perfecto para el hogar,140.14,85,HOGAR
87,Set de toallas,Set de toallas materiales resistentes,232.6,77,HOGAR
88,Lampara de escritorio,Lampara de escritorio materiales resistentes,324.99,1,HOGAR
89,Maleta de viaje,Maleta de viaje multiusos,337.99,53,OTROS
90,Linterna LED,Linterna LED con garantia,45.17,84,OTROS
91,Botella de agua mineral,Botella de agua mineral 100% natural,44.74,86,ALIMENTACION
92,Maleta de viaje,Maleta de viaje diseno innovador,486.16,49,OTROS
93,Sarten antiadherente,Sarten antiadherente materiales resistentes,420.38,90,HOGAR
94,Televisor LED,Televisor LED con gran autonomia,188.39,25,ELECTRONICA
95,Maleta de viaje,Maleta de viaje compacto y ligero,372.86,98,OTROS
96,Sudadera con capucha,Sudadera con capucha corte moderno,49.53,79,ROPA
97,Pantalon vaquero,Pantalon vaquero corte moderno,490.16,47,ROPA
98,Tablet,Tablet con gran autonomia,452.73,91,ELECTRONICA
99,Muñeca articulada,Muñeca articulada materiales seguros,492.21,82,JUGUETERIA
100,Balon de futbol,Balon de futbol apto para exteriores,286.71,64,DEPORTE
101,Set de marcadores,Set de marcadores papel reciclado,331.62,73,LIBRERIA
102,Libro de aventuras,Libro de aventuras edicion limitada,68.48,9,LIBRERIA
103,Agenda anual,Agenda anual edicion limitada,428.46,67,LIBRERIA
104,Pantalon vaquero,Pantalon vaquero algodon organico,496.02,89,ROPA
105,Zapatillas deportivas,Zapatillas deportivas para cualquier ocasion,5.97,55,ROPA
106,Tablet,Tablet con gran autonomia,422.95,53,ELECTRONICA
107,Camiseta basica,Camiseta basica gran comodidad,235.96,47,ROPA
108,Camara Reflex,Camara Reflex con pantalla 4K,28.25,54,ELECTRONICA
109,Mochila escolar,Mochila escolar multiusos,198.97,43,OTROS
110,Botella de agua mineral,Botella de agua mineral 100% natural,49.52,29,ALIMENTACION
111,Balon de futbol,Balon de futbol ideal para entrenamiento,102.45,43,DEPORTE
112,Camiseta basica,Camiseta basica algodon organico,18.8,56,ROPA
113,Auriculares Bluetooth,Auriculares Bluetooth de alta fidelidad,421.05,32,ELECTRONICA
114,Tableta de chocolate,Tableta de chocolate de cultivo ecologico,47.98,7,ALIMENTACION
115,Cojin decorativo,Cojin decorativo materiales resistentes,472.06,100,HOGAR
116,Maleta de viaje,Maleta de viaje de facil uso,291.57,11,OTROS
117,Televisor LED,Televisor LED con gran autonomia,160.07,89,ELECTRONICA
118,Botella de aceite,Botella de aceite 100% natural,46.04,57,ALIMENTACION
119,Tablet,Tablet ideal para entretenimiento,314.96,9,ELECTRONICA
120,Paquete de arroz,Paquete de arroz perfecto para el dia a dia,3.56,49,ALIMENTACION
121,Balon de futbol,Balon de futbol ergonomico,377.22,30,DEPORTE
122,Portatil,Portatil con gran autonomia,234.78,55,ELECTRONICA
123,Caja de cereales,Caja de cereales 100% natural,23.25,43,ALIMENTACION
124,Muñeca articulada,Muñeca articulada para todas las edades,11.08,92,JUGUETERIA
125,Botella de agua mineral,Botella de agua mineral de cultivo ecologico,45.31,17,ALIMENTACION
126,Sudadera con capucha,Sudadera con capucha para cualquier ocasion,243.29,80,ROPA
127,Paraguas automatico,Paraguas automatico compacto y ligero,73.15,6,OTROS
128,Smartphone,Smartphone de alta fidelidad,294.34,66,ELECTRONICA
129,Set de toallas,Set de toallas color neutro,443.18,100,HOGAR
130,Cuaderno de notas,Cuaderno de notas ideal para estudiantes,157.79,44,LIBRERIA
131,Sudadera con capucha,Sudadera con capucha algodon organico,261.25,85,ROPA
132,Libro de aventuras,Libro de aventuras papel reciclado,256.02,72,LIBRERIA
133,Portatil,Portatil de alta fidelidad,101.73,26,ELECTRONICA
134,Muñeca articulada,Muñeca articulada estimula la creatividad,98.73,61,JUGUETERIA
135,Cargador portatil,Cargador portatil diseno innovador,426.74,73,OTROS
136,Cojin decorativo,Cojin decorativo diseno elegante,212.25,21,HOGAR
137,Tableta de chocolate,Tableta de chocolate 100% natural,25.3,1,ALIMENTACION
138,Coche teledirigido,Coche teledirigido con accesorios incluidos,313.84,31,JUGUETERIA
139,Mochila escolar,Mochila escolar de facil uso,106.63,24,OTROS
140,Tablet,Tablet de ultima generacion,41.5,4,ELECTRONICA
141,Botella de aceite,Botella de aceite sin azucar anadido,22.58,81,ALIMENTACION
142,Lampara de escritorio,Lampara de escritorio facil de limpiar,103.57,37,HOGAR
143,Cuaderno de notas,Cuaderno de notas con diseno exclusivo,360.82,44,LIBRERIA
144,Coche teledirigido,Coche teledirigido materiales seguros,15.64,34,JUGUETERIA
145,Paquete de arroz,Paquete de arroz de cultivo ecologico,19.57,15,ALIMENTACION
146,Cortina de ducha,Cortina de ducha diseno elegante,230.82,48,HOGAR
147,Cortina de ducha,Cortina de ducha color neutro,488.67,80,HOGAR
148,Balon de futbol,Balon de futbol resistente y duradero,76.49,17,DEPORTE
149,Coche teledirigido,Coche teledirigido colores vibrantes,192.21,48,JUGUETERIA
150,Cojin decorativo,Cojin decorativo perfecto para el hogar,488.61,32,HOGAR
151,Auriculares Bluetooth,Auriculares Bluetooth ideal para entretenimiento,98.61,69,ELECTRONICA
152,Pantalon vaquero,Pantalon vaquero diseno atemporal,127.35,81,ROPA
153,Pantalon vaquero,Pantalon vaquero gran comodidad,484.35,63,ROPA
154,Muñeca articulada,Muñeca articulada con accesorios incluidos,396.54,79,JUGUETERIA
155,Botella de aceite,Botella de aceite perfecto para el dia a dia,20.02,83,ALIMENTACION
156,Sarten antiadherente,Sarten antiadherente color neutro,234.81,42,HOGAR
157,Cojin decorativo,Cojin decorativo perfecto para el hogar,359.25,64,HOGAR
158,Mochila escolar,Mochila escolar con garantia,203.47,75,OTROS
159,Smartphone,Smartphone con pantalla 4K,447.97,58,ELECTRONICA
160,Juego de mesa familiar,Juego de mesa familiar materiales seguros,156.47,49,JUGUETERIA
161,Agenda anual,Agenda anual con diseno exclusivo,277.52,18,LIBRERIA
162,Caja de cereales,Caja de cereales en envase reciclable,26.42,30,ALIMENTACION
163,Portatil,Portatil ideal para entretenimiento,312.46,55,ELECTRONICA
164,Linterna LED,Linterna LED de facil uso,207.43,64,OTROS
165,Set de toallas,Set de toallas perfecto para el hogar,17.24,57,HOGAR
166,Puzzle de 1000 piezas,Puzzle de 1000 piezas para todas las edades,182.75,11,JUGUETERIA
167,Zapatillas deportivas,Zapatillas deportivas gran comodidad,275.59,11,ROPA
168,Pantalon vaquero,Pantalon vaquero algodon organico,63.7,47,ROPA
169,Auriculares Bluetooth,Auriculares Bluetooth con pantalla 4K,170.21,87,ELECTRONICA
170,Set de toallas,Set de toallas diseno elegante,373.88,99,HOGAR
171,Pantalon vaquero,Pantalon vaquero gran comodidad,499.01,97,ROPA
172,Camiseta basica,Camiseta basica diseno atemporal,144.51,45,ROPA
173,Pesas ajustables,Pesas ajustables ergonomico,380.11,2,DEPORTE
174,Cargador portatil,Cargador portatil compacto y ligero,433.41,30,OTROS
175,Coche teledirigido,Coche teledirigido con accesorios incluidos,120.69,76,JUGUETERIA
176,Linterna LED,Linterna LED diseno innovador,397.0,41,OTROS
177,Juego de mesa familiar,Juego de mesa familiar con accesorios incluidos,108.74,58,JUGUETERIA
178,Tablet,Tablet con pantalla 4K,290.87,17,ELECTRONICA
179,Camiseta basica,Camiseta basica para cualquier ocasion,406.15,46,ROPA
180,Cortina de ducha,Cortina de ducha perfecto para el hogar,215.73,97,HOGAR
181,Esterilla de yoga,Esterilla de yoga apto para exteriores,166.41,3,DEPORTE
182,Smartphone,Smartphone con pantalla 4K,488.74,43,ELECTRONICA
183,Pesas ajustables,Pesas ajustables ideal para entrenamiento,474.6,9,DEPORTE
184,Raqueta de tenis,Raqueta de tenis facil de transportar,58.78,73,DEPORTE
185,Mochila escolar,Mochila escolar multiusos,89.85,87,OTROS
186,Libro de aventuras,Libro de aventuras edicion limitada,246.86,24,LIBRERIA
187,Muñeca articulada,Muñeca articulada con accesorios incluidos,145.49,30,JUGUETERIA
188,Zapatillas deportivas,Zapatillas deportivas algodon organico,230.06,48,ROPA
189,Smartphone,Smartphone de alta fidelidad,430.56,53,ELECTRONICA
190,Raqueta de tenis,Raqueta de tenis resistente y duradero,68.92,54,DEPORTE
191,Maleta de viaje,Maleta de viaje de facil uso,477.77,27,OTROS
192,Cuaderno de notas,Cuaderno de notas con diseno exclusivo,218.94,91,LIBRERIA
193,Paraguas automatico,Paraguas automatico con garantia,289.67,40,OTROS
194,Lego City,Lego City con accesorios incluidos,141.34,1,JUGUETERIA
195,Boligrafo azul,Boligrafo azul tapa dura,413.17,78,LIBRERIA
196,Lego City,Lego City estimula la creatividad,455.6,63,JUGUETERIA
197,Linterna LED,Linterna LED con garantia,24.35,12,OTROS
198,Chaqueta impermeable,Chaqueta impermeable diseno atemporal,351.66,92,ROPA
199,Chaqueta impermeable,Chaqueta impermeable gran comodidad,412.6,23,ROPA
200,Raqueta de tenis,Raqueta de tenis ideal para entrenamiento,450.48,94,DEPORTE
201,Pesas ajustables,Pesas ajustables facil de transportar,455.86,24,DEPORTE
202,Tableta de chocolate,Tableta de chocolate 100% natural,12.75,21,ALIMENTACION
203,Zapatillas deportivas,Zapatillas deportivas diseno atemporal,335.0,9,ROPA
204,Juego de mesa familiar,Juego de mesa familiar con accesorios incluidos,496.23,71,JUGUETERIA
205,Caja de cereales,Caja de cereales 100% natural,38.01,65,ALIMENTACION
206,Sarten antiadherente,Sarten antiadherente perfecto para el hogar,86.6,27,HOGAR
207,Portatil,Portatil de ultima generacion,41.23,89,ELECTRONICA
208,Linterna LED,Linterna LED diseno innovador,374.25,25,OTROS
209,Balon de futbol,Balon de futbol resistente y duradero,129.05,91,DEPORTE
210,Agenda anual,Agenda anual ideal para estudiantes,244.96,9,LIBRERIA
211,Botella de agua mineral,Botella de agua mineral de cultivo ecologico,35.97,57,ALIMENTACION
212,Boligrafo azul,Boligrafo azul con diseno exclusivo,421.57,22,LIBRERIA
213,Auriculares Bluetooth,Auriculares Bluetooth de ultima generacion,92.73,16,ELECTRONICA
214,Raqueta de tenis,Raqueta de tenis resistente y duradero,337.34,2,DEPORTE
215,Pantalon vaquero,Pantalon vaquero para cualquier ocasion,182.25,28,ROPA
216,Camara Reflex,Camara Reflex ideal para entretenimiento,112.0,90,ELECTRONICA
217,Camara Reflex,Camara Reflex ideal para entretenimiento,322.3,92,ELECTRONICA
218,Tableta de chocolate,Tableta de chocolate sin azucar anadido,22.76,77,ALIMENTACION
219,Televisor LED,Televisor LED con gran autonomia,384.72,32,ELECTRONICA
220,Cortina de ducha,Cortina de ducha materiales resistentes,50.24,54,HOGAR
221,Televisor LED,Televisor LED de alta fidelidad,411.16,88,ELECTRONICA
222,Botella de aceite,Botella de aceite 100% natural,40.05,86,ALIMENTACION
223,Cuaderno de notas,Cuaderno de notas tapa dura,210.76,14,LIBRERIA
224,Set de toallas,Set de toallas color neutro,315.26,80,HOGAR
225,Lego City,Lego City con accesorios incluidos,469.77,16,JUGUETERIA
226,Coche teledirigido,Coche teledirigido para todas las edades,181.51,23,JUGUETERIA
227,Portatil,Portatil de alta fidelidad,10.93,28,ELECTRONICA
228,Paraguas automatico,Paraguas automatico multiusos,330.69,36,OTROS
229,Lampara de escritorio,Lampara de escritorio facil de limpiar,443.3,53,HOGAR
230,Zapatillas deportivas,Zapatillas deportivas para cualquier ocasion,491.64,14,ROPA
231,Agenda anual,Agenda anual tapa dura,301.93,81,LIBRERIA
232,Raqueta de tenis,Raqueta de tenis apto para exteriores,91.79,98,DEPORTE
233,Sarten antiadherente,Sarten antiadherente facil de limpiar,170.88,78,HOGAR
234,Linterna LED,Linterna LED con garantia,322.09,30,OTROS
235,Smartphone,Smartphone de ultima generacion,310.09,16,ELECTRONICA
236,Pantalon vaquero,Pantalon vaquero para cualquier ocasion,379.84,80,ROPA
237,Paquete de arroz,Paquete de arroz de cultivo ecologico,19.35,38,ALIMENTACION
238,Coche teledirigido,Coche teledirigido con accesorios incluidos,106.17,5,JUGUETERIA
239,Lego City,Lego City con accesorios incluidos,370.93,43,JUGUETERIA
240,Agenda anual,Agenda anual con diseno exclusivo,323.58,98,LIBRERIA
241,Auriculares Bluetooth,Auriculares Bluetooth con gran autonomia,325.78,37,ELECTRONICA
242,Smartphone,Smartphone de alta fidelidad,174.65,27,ELECTRONICA
243,Camara Reflex,Camara Reflex con pantalla 4K,401.72,90,ELECTRONICA
244,Lego City,Lego City con accesorios incluidos,263.13,24,JUGUETERIA
245,Maleta de viaje,Maleta de viaje multiusos,435.58,9,OTROS
246,Muñeca articulada,Muñeca articulada materiales seguros,469.45,17,JUGUETERIA
247,Botella de aceite,Botella de aceite perfecto para el dia a dia,27.89,27,ALIMENTACION
248,Lego City,Lego City para todas las edades,215.99,60,JUGUETERIA
249,Pantalon vaquero,Pantalon vaquero corte moderno,126.24,23,ROPA
250,Puzzle de 1000 piezas,Puzzle de 1000 piezas estimula la creatividad,290.33,82,JUGUETERIA
251,Puzzle de 1000 piezas,Puzzle de 1000 piezas con accesorios incluidos,44.61,47,JUGUETERIA
252,Pesas ajustables,Pesas ajustables ideal para entrenamiento,238.0,55,DEPORTE
253,Raqueta de tenis,Raqueta de tenis facil de transportar,14.81,49,DEPORTE
254,Balon de futbol,Balon de futbol apto para exteriores,299.62,20,DEPORTE
255,Agenda anual,Agenda anual ideal para estudiantes,234.51,59,LIBRERIA
256,Chaqueta impermeable,Chaqueta impermeable gran comodidad,304.98,10,ROPA
257,Cortina de ducha,Cortina de ducha perfecto para el hogar,101.88,25,HOGAR
258,Televisor LED,Televisor LED ideal para entretenimiento,366.53,48,ELECTRONICA
259,Linterna LED,Linterna LED de facil uso,470.44,96,OTROS
260,Sarten antiadherente,Sarten antiadherente perfecto para el hogar,157.37,76,HOGAR
261,Tableta de chocolate,Tableta de chocolate 100% natural,49.63,16,ALIMENTACION
262,Esterilla de yoga,Esterilla de yoga ideal para entrenamiento,101.14,56,DEPORTE
263,Sudadera con capucha,Sudadera con capucha gran comodidad,356.02,82,ROPA
264,Lampara de escritorio,Lampara de escritorio perfecto para el hogar,463.63,95,HOGAR
265,Coche teledirigido,Coche teledirigido con accesorios incluidos,22.08,47,JUGUETERIA
266,Camara Reflex,Camara Reflex con pantalla 4K,134.36,59,ELECTRONICA
267,Agenda anual,Agenda anual papel reciclado,303.06,85,LIBRERIA
268,Libro de aventuras,Libro de aventuras tapa dura,386.63,83,LIBRERIA
269,Pesas ajustables,Pesas ajustables ergonomico,487.2,11,DEPORTE
270,Juego de mesa familiar,Juego de mesa familiar materiales seguros,415.73,33,JUGUETERIA
271,Zapatillas deportivas,Zapatillas deportivas gran comodidad,330.95,49,ROPA
272,Chaqueta impermeable,Chaqueta impermeable algodon organico,59.09,74,ROPA
273,Cortina de ducha,Cortina de ducha diseno elegante,375.62,96,HOGAR
274,Bicicleta de montanya,Bicicleta de montanya resistente y duradero,493.58,63,DEPORTE
275,Televisor LED,Televisor LED de ultima generacion,388.0,54,ELECTRONICA
276,Bicicleta de montanya,Bicicleta de montanya facil de transportar,89.46,48,DEPORTE
277,Cuaderno de notas,Cuaderno de notas papel reciclado,245.8,65,LIBRERIA
278,Tableta de chocolate,Tableta de chocolate perfecto para el dia a dia,40.9,24,ALIMENTACION
279,Muñeca articulada,Muñeca articulada materiales seguros,405.54,25,JUGUETERIA
280,Chaqueta impermeable,Chaqueta impermeable para cualquier ocasion,315.28,80,ROPA
281,Botella de aceite,Botella de aceite 100% natural,15.36,49,ALIMENTACION
282,Caja de cereales,Caja de cereales 100% natural,17.77,75,ALIMENTACION
283,Juego de mesa familiar,Juego de mesa familiar con accesorios incluidos,338.04,13,JUGUETERIA
284,Televisor LED,Televisor LED de alta fidelidad,377.14,1,ELECTRONICA
285,Televisor LED,Televisor LED con pantalla 4K,263.56,1,ELECTRONICA
286,Esterilla de yoga,Esterilla de yoga ergonomico,493.51,98,DEPORTE
287,Chaqueta impermeable,Chaqueta impermeable para cualquier ocasion,379.67,78,ROPA
288,Bicicleta de montanya,Bicicleta de montanya apto para exteriores,342.52,44,DEPORTE
289,Cortina de ducha,Cortina de ducha diseno elegante,334.21,49,HOGAR
290,Tablet,Tablet de alta fidelidad,404.1,1,ELECTRONICA
291,Linterna LED,Linterna LED compacto y ligero,17.71,16,OTROS
292,Pantalon vaquero,Pantalon vaquero diseno atemporal,228.7,88,ROPA
293,Cargador portatil,Cargador portatil de facil uso,331.81,1,OTROS
294,Lampara de escritorio,Lampara de escritorio diseno elegante,437.35,95,HOGAR
295,Sarten antiadherente,Sarten antiadherente materiales resistentes,305.35,52,HOGAR
296,Caja de cereales,Caja de cereales en envase reciclable,47.02,61,ALIMENTACION
297,Tableta de chocolate,Tableta de chocolate sin azucar anadido,30.75,92,ALIMENTACION
298,Set de marcadores,Set de marcadores edicion limitada,393.51,92,LIBRERIA
299,Smartphone,Smartphone con gran autonomia,399.43,39,ELECTRONICA
300,Paraguas automatico,Paraguas automatico de facil uso,477.75,62,OTROS
301,Coche teledirigido,Coche teledirigido materiales seguros,89.36,85,JUGUETERIA
302,Paquete de arroz,Paquete de arroz en envase reciclable,49.67,4,ALIMENTACION
303,Agenda anual,Agenda anual ideal para estudiantes,384.32,29,LIBRERIA
304,Chaqueta impermeable,Chaqueta impermeable algodon organico,334.41,69,ROPA
305,Maleta de viaje,Maleta de viaje diseno innovador,436.61,74,OTROS
306,Caja de cereales,Caja de cereales en envase reciclable,45.6,96,ALIMENTACION
307,Esterilla de yoga,Esterilla de yoga facil de transportar,405.18,29,DEPORTE
308,Camiseta basica,Camiseta basica diseno atemporal,48.4,12,ROPA
309,Cojin decorativo,Cojin decorativo materiales resistentes,373.59,15,HOGAR
310,Cortina de ducha,Cortina de ducha diseno elegante,477.26,74,HOGAR
311,Tablet,Tablet de ultima generacion,297.08,25,ELECTRONICA
312,Pesas ajustables,Pesas ajustables apto para exteriores,386.78,87,DEPORTE
313,Set de marcadores,Set de marcadores edicion limitada,297.43,14,LIBRERIA
314,Balon de futbol,Balon de futbol ergonomico,426.92,41,DEPORTE
315,Agenda anual,Agenda anual papel reciclado,252.42,59,LIBRERIA
316,Set de marcadores,Set de marcadores con diseno exclusivo,77.21,86,LIBRERIA
317,Auriculares Bluetooth,Auriculares Bluetooth de alta fidelidad,157.9,89,ELECTRONICA
318,Caja de cereales,Caja de cereales perfecto para el dia a dia,24.44,28,ALIMENTACION
319,Mochila escolar,Mochila escolar de facil uso,34.11,43,OTROS
320,Cuaderno de notas,Cuaderno de notas papel reciclado,351.7,7,LIBRERIA
321,Boligrafo azul,Boligrafo azul ideal para estudiantes,153.06,85,LIBRERIA
322,Libro de aventuras,Libro de aventuras edicion limitada,199.18,55,LIBRERIA
323,Mochila escolar,Mochila escolar de facil uso,198.58,68,OTROS
324,Sudadera con capucha,Sudadera con capucha corte moderno,352.05,71,ROPA
325,Balon de futbol,Balon de futbol ideal para entrenamiento,165.09,75,DEPORTE
326,Camara Reflex,Camara Reflex de alta fidelidad,231.48,21,ELECTRONICA
327,Boligrafo azul,Boligrafo azul ideal para estudiantes,149.09,19,LIBRERIA
328,Coche teledirigido,Coche teledirigido materiales seguros,368.98,2,JUGUETERIA
329,Cojin decorativo,Cojin decorativo facil de limpiar,340.77,19,HOGAR
330,Pesas ajustables,Pesas ajustables ideal para entrenamiento,463.36,13,DEPORTE
331,Sarten antiadherente,Sarten antiadherente materiales resistentes,472.81,16,HOGAR
332,Cojin decorativo,Cojin decorativo perfecto para el hogar,485.01,81,HOGAR
333,Raqueta de tenis,Raqueta de tenis resistente y duradero,63.81,51,DEPORTE
334,Mochila escolar,Mochila escolar con garantia,477.5,84,OTROS
335,Balon de futbol,Balon de futbol facil de transportar,433.12,84,DEPORTE
336,Bicicleta de montanya,Bicicleta de montanya facil de transportar,186.82,16,DEPORTE
337,Paquete de arroz,Paquete de arroz 100% natural,24.97,86,ALIMENTACION
338,Muñeca articulada,Muñeca articulada colores vibrantes,288.63,74,JUGUETERIA
339,Mochila escolar,Mochila escolar multiusos,398.2,24,OTROS
340,Pesas ajustables,Pesas ajustables facil de transportar,152.69,17,DEPORTE
341,Caja de cereales,Caja de cereales 100% natural,35.97,69,ALIMENTACION
342,Boligrafo azul,Boligrafo azul tapa dura,199.93,69,LIBRERIA
343,Maleta de viaje,Maleta de viaje con garantia,419.39,69,OTROS
344,Botella de aceite,Botella de aceite 100% natural,9.85,77,ALIMENTACION
345,Libro de aventuras,Libro de aventuras edicion limitada,226.38,41,LIBRERIA
346,Paquete de arroz,Paquete de arroz de cultivo ecologico,29.18,84,ALIMENTACION
347,Libro de aventuras,Libro de aventuras edicion limitada,132.1,97,LIBRERIA
348,Televisor LED,Televisor LED de ultima generacion,255.54,47,ELECTRONICA
349,Boligrafo azul,Boligrafo azul tapa dura,127.93,6,LIBRERIA
350,Zapatillas deportivas,Zapatillas deportivas para cualquier ocasion,74.23,63,ROPA
351,Cojin decorativo,Cojin decorativo diseno elegante,305.06,66,HOGAR
352,Muñeca articulada,Muñeca articulada para todas las edades,122.36,25,JUGUETERIA
353,Agenda anual,Agenda anual papel reciclado,478.92,78,LIBRERIA
354,Lego City,Lego City estimula la creatividad,142.31,94,JUGUETERIA
355,Balon de futbol,Balon de futbol ergonomico,131.21,49,DEPORTE
356,Boligrafo azul,Boligrafo azul ideal para estudiantes,46.21,33,LIBRERIA
357,Raqueta de tenis,Raqueta de tenis ergonomico,105.86,81,DEPORTE
358,Pantalon vaquero,Pantalon vaquero diseno atemporal,284.0,83,ROPA
359,Boligrafo azul,Boligrafo azul papel reciclado,161.6,56,LIBRERIA
360,Balon de futbol,Balon de futbol ergonomico,127.51,35,DEPORTE
361,Botella de agua mineral,Botella de agua mineral 100% natural,34.51,53,ALIMENTACION
362,Caja de cereales,Caja de cereales 100% natural,18.78,43,ALIMENTACION
363,Pantalon vaquero,Pantalon vaquero corte moderno,140.46,13,ROPA
364,Raqueta de tenis,Raqueta de tenis facil de transportar,476.13,16,DEPORTE
365,Set de marcadores,Set de marcadores con diseno exclusivo,296.47,63,LIBRERIA
366,Botella de agua mineral,Botella de agua mineral sin azucar anadido,35.32,37,ALIMENTACION
367,Zapatillas deportivas,Zapatillas deportivas algodon organico,448.8,22,ROPA
368,Sarten antiadherente,Sarten antiadherente materiales resistentes,175.86,95,HOGAR
369,Pesas ajustables,Pesas ajustables ergonomico,68.15,2,DEPORTE
370,Cuaderno de notas,Cuaderno de notas papel reciclado,192.51,95,LIBRERIA
371,Camiseta basica,Camiseta basica diseno atemporal,355.21,32,ROPA
372,Pesas ajustables,Pesas ajustables ideal para entrenamiento,222.29,46,DEPORTE
373,Cargador portatil,Cargador portatil diseno innovador,141.53,55,OTROS
374,Puzzle de 1000 piezas,Puzzle de 1000 piezas para todas las edades,473.99,53,JUGUETERIA
375,Lampara de escritorio,Lampara de escritorio facil de limpiar,42.96,31,HOGAR
376,Botella de aceite,Botella de aceite perfecto para el dia a dia,3.81,96,ALIMENTACION
377,Zapatillas deportivas,Zapatillas deportivas para cualquier ocasion,405.13,2,ROPA
378,Esterilla de yoga,Esterilla de yoga ideal para entrenamiento,242.43,66,DEPORTE
379,Tableta de chocolate,Tableta de chocolate 100% natural,31.2,96,ALIMENTACION
380,Camara Reflex,Camara Reflex con gran autonomia,352.78,96,ELECTRONICA
381,Cortina de ducha,Cortina de ducha color neutro,343.62,6,HOGAR
382,Paraguas automatico,Paraguas automatico con garantia,452.38,23,OTROS
383,Caja de cereales,Caja de cereales de cultivo ecologico,26.17,7,ALIMENTACION
384,Pesas ajustables,Pesas ajustables facil de transportar,89.39,15,DEPORTE
385,Cortina de ducha,Cortina de ducha color neutro,426.13,16,HOGAR
386,Sudadera con capucha,Sudadera con capucha para cualquier ocasion,150.3,28,ROPA
387,Camara Reflex,Camara Reflex ideal para entretenimiento,199.84,40,ELECTRONICA
388,Portatil,Portatil ideal para entretenimiento,424.93,8,ELECTRONICA
389,Lampara de escritorio,Lampara de escritorio color neutro,232.88,39,HOGAR
390,Lampara de escritorio,Lampara de escritorio facil de limpiar,178.11,93,HOGAR
391,Boligrafo azul,Boligrafo azul con diseno exclusivo,9.39,56,LIBRERIA
392,Paraguas automatico,Paraguas automatico multiusos,266.9,20,OTROS
393,Balon de futbol,Balon de futbol facil de transportar,8.42,99,DEPORTE
394,Pantalon vaquero,Pantalon vaquero para cualquier ocasion,200.7,39,ROPA
395,Sarten antiadherente,Sarten antiadherente materiales resistentes,270.53,35,HOGAR
396,Tableta de chocolate,Tableta de chocolate en envase reciclable,8.93,46,ALIMENTACION
397,Balon de futbol,Balon de futbol apto para exteriores,442.37,91,DEPORTE
398,Muñeca articulada,Muñeca articulada materiales seguros,146.03,18,JUGUETERIA
399,Pesas ajustables,Pesas ajustables apto para exteriores,450.99,21,DEPORTE
400,Juego de mesa familiar,Juego de mesa familiar estimula la creatividad,63.8,63,JUGUETERIA
401,Paraguas automatico,Paraguas automatico diseno innovador,376.79,100,OTROS
402,Esterilla de yoga,Esterilla de yoga facil de transportar,70.05,14,DEPORTE
403,Smartphone,Smartphone con pantalla 4K,175.34,2,ELECTRONICA
404,Muñeca articulada,Muñeca articulada estimula la creatividad,217.68,77,JUGUETERIA
405,Portatil,Portatil con gran autonomia,148.29,63,ELECTRONICA
406,Tableta de chocolate,Tableta de chocolate de cultivo ecologico,31.26,94,ALIMENTACION
407,Cuaderno de notas,Cuaderno de notas con diseno exclusivo,384.53,34,LIBRERIA
408,Juego de mesa familiar,Juego de mesa familiar materiales seguros,239.58,14,JUGUETERIA
409,Cuaderno de notas,Cuaderno de notas edicion limitada,316.31,20,LIBRERIA
410,Muñeca articulada,Muñeca articulada materiales seguros,203.64,36,JUGUETERIA
411,Coche teledirigido,Coche teledirigido con accesorios incluidos,13.74,26,JUGUETERIA
412,Paquete de arroz,Paquete de arroz en envase reciclable,20.96,40,ALIMENTACION
413,Coche teledirigido,Coche teledirigido estimula la creatividad,215.91,8,JUGUETERIA
414,Balon de futbol,Balon de futbol apto para exteriores,59.48,47,DEPORTE
415,Sudadera con capucha,Sudadera con capucha para cualquier ocasion,127.25,7,ROPA
416,Libro de aventuras,Libro de aventuras tapa dura,30.8,96,LIBRERIA
417,Cortina de ducha,Cortina de ducha diseno elegante,238.67,78,HOGAR
418,Tableta de chocolate,Tableta de chocolate de cultivo ecologico,13.36,63,ALIMENTACION
419,Set de toallas,Set de toallas diseno elegante,60.21,86,HOGAR
420,Camara Reflex,Camara Reflex ideal para entretenimiento,386.38,17,ELECTRONICA
421,Set de toallas,Set de toallas diseno elegante,372.75,76,HOGAR
422,Cortina de ducha,Cortina de ducha diseno elegante,108.97,50,HOGAR
423,Paquete de arroz,Paquete de arroz de cultivo ecologico,31.85,78,ALIMENTACION
424,Paquete de arroz,Paquete de arroz perfecto para el dia a dia,48.45,84,ALIMENTACION
425,Coche teledirigido,Coche teledirigido con accesorios incluidos,463.12,10,JUGUETERIA
426,Set de toallas,Set de toallas perfecto para el hogar,494.87,26,HOGAR
427,Libro de aventuras,Libro de aventuras papel reciclado,99.89,71,LIBRERIA
428,Zapatillas deportivas,Zapatillas deportivas diseno atemporal,447.98,58,ROPA
429,Tableta de chocolate,Tableta de chocolate 100% natural,24.66,68,ALIMENTACION
430,Smartphone,Smartphone ideal para entretenimiento,140.7,17,ELECTRONICA
431,Camiseta basica,Camiseta basica gran comodidad,35.09,89,ROPA
432,Juego de mesa familiar,Juego de mesa familiar con accesorios incluidos,343.92,66,JUGUETERIA
433,Botella de aceite,Botella de aceite en envase reciclable,37.79,50,ALIMENTACION
434,Pesas ajustables,Pesas ajustables ergonomico,139.39,24,DEPORTE
435,Smartphone,Smartphone ideal para entretenimiento,112.81,90,ELECTRONICA
436,Auriculares Bluetooth,Auriculares Bluetooth con gran autonomia,254.39,93,ELECTRONICA
437,Sudadera con capucha,Sudadera con capucha corte moderno,151.7,35,ROPA
438,Botella de aceite,Botella de aceite de cultivo ecologico,3.24,31,ALIMENTACION
439,Camiseta basica,Camiseta basica corte moderno,471.31,36,ROPA
440,Agenda anual,Agenda anual tapa dura,322.99,32,LIBRERIA
441,Lego City,Lego City para todas las edades,5.69,45,JUGUETERIA
442,Set de toallas,Set de toallas facil de limpiar,473.48,71,HOGAR
443,Pantalon vaquero,Pantalon vaquero para cualquier ocasion,449.68,38,ROPA
444,Lampara de escritorio,Lampara de escritorio facil de limpiar,412.85,29,HOGAR
445,Pantalon vaquero,Pantalon vaquero diseno atemporal,485.94,69,ROPA
446,Tableta de chocolate,Tableta de chocolate sin azucar anadido,43.63,82,ALIMENTACION
447,Juego de mesa familiar,Juego de mesa familiar materiales seguros,165.51,27,JUGUETERIA
448,Raqueta de tenis,Raqueta de tenis facil de transportar,119.7,93,DEPORTE
449,Bicicleta de montanya,Bicicleta de montanya ideal para entrenamiento,451.57,12,DEPORTE
450,Paraguas automatico,Paraguas automatico de facil uso,96.59,23,OTROS
451,Lego City,Lego City con accesorios incluidos,471.96,24,JUGUETERIA
452,Camiseta basica,Camiseta basica diseno atemporal,85.64,23,ROPA
453,Esterilla de yoga,Esterilla de yoga ideal para entrenamiento,39.38,10,DEPORTE
454,Raqueta de tenis,Raqueta de tenis facil de transportar,455.02,52,DEPORTE
455,Botella de agua mineral,Botella de agua mineral de cultivo ecologico,36.61,2,ALIMENTACION
456,Tableta de chocolate,Tableta de chocolate en envase reciclable,2.02,2,ALIMENTACION
457,Smartphone,Smartphone con pantalla 4K,386.21,35,ELECTRONICA
458,Set de marcadores,Set de marcadores tapa dura,397.24,2,LIBRERIA
459,Botella de agua mineral,Botella de agua mineral sin azucar anadido,42.78,11,ALIMENTACION
460,Coche teledirigido,Coche teledirigido con accesorios incluidos,381.04,57,JUGUETERIA
461,Agenda anual,Agenda anual con diseno exclusivo,242.06,32,LIBRERIA
462,Auriculares Bluetooth,Auriculares Bluetooth de alta fidelidad,315.61,16,ELECTRONICA
463,Televisor LED,Televisor LED de ultima generacion,274.6,14,ELECTRONICA
464,Raqueta de tenis,Raqueta de tenis resistente y duradero,456.52,4,DEPORTE
465,Juego de mesa familiar,Juego de mesa familiar con accesorios incluidos,77.95,84,JUGUETERIA
466,Pantalon vaquero,Pantalon vaquero para cualquier ocasion,344.95,92,ROPA
467,Tableta de chocolate,Tableta de chocolate de cultivo ecologico,49.55,29,ALIMENTACION
468,Caja de cereales,Caja de cereales sin azucar anadido,4.74,43,ALIMENTACION
469,Caja de cereales,Caja de cereales 100% natural,44.88,78,ALIMENTACION
470,Cuaderno de notas,Cuaderno de notas ideal para estudiantes,267.59,77,LIBRERIA
471,Boligrafo azul,Boligrafo azul papel reciclado,447.09,88,LIBRERIA
472,Zapatillas deportivas,Zapatillas deportivas diseno atemporal,177.45,14,ROPA
473,Chaqueta impermeable,Chaqueta impermeable diseno atemporal,466.78,92,ROPA
474,Paquete de arroz,Paquete de arroz de cultivo ecologico,39.11,19,ALIMENTACION
475,Cortina de ducha,Cortina de ducha perfecto para el hogar,226.11,62,HOGAR
476,Paquete de arroz,Paquete de arroz perfecto para el dia a dia,21.95,94,ALIMENTACION
477,Pantalon vaquero,Pantalon vaquero algodon organico,164.91,17,ROPA
478,Boligrafo azul,Boligrafo azul con diseno exclusivo,163.06,55,LIBRERIA
479,Linterna LED,Linterna LED con garantia,397.78,43,OTROS
480,Cuaderno de notas,Cuaderno de notas ideal para estudiantes,212.24,64,LIBRERIA
481,Cargador portatil,Cargador portatil con garantia,411.6,50,OTROS
482,Botella de agua mineral,Botella de agua mineral en envase reciclable,26.82,100,ALIMENTACION
483,Muñeca articulada,Muñeca articulada materiales seguros,184.05,27,JUGUETERIA
484,Tablet,Tablet ideal para entretenimiento,239.59,18,ELECTRONICA
485,Paquete de arroz,Paquete de arroz sin azucar anadido,18.68,100,ALIMENTACION
486,Agenda anual,Agenda anual ideal para estudiantes,76.35,71,LIBRERIA
487,Raqueta de tenis,Raqueta de tenis ideal para entrenamiento,414.77,8,DEPORTE
488,Libro de aventuras,Libro de aventuras papel reciclado,191.84,4,LIBRERIA
489,Bicicleta de montanya,Bicicleta de montanya resistente y duradero,352.19,85,DEPORTE
490,Tableta de chocolate,Tableta de chocolate perfecto para el dia a dia,43.65,4,ALIMENTACION
491,Agenda anual,Agenda anual papel reciclado,44.1,10,LIBRERIA
492,Auriculares Bluetooth,Auriculares Bluetooth con gran autonomia,79.11,24,ELECTRONICA
493,Paraguas automatico,Paraguas automatico con garantia,350.79,39,OTROS
494,Linterna LED,Linterna LED diseno innovador,224.77,83,OTROS
495,Tablet,Tablet de ultima generacion,82.16,83,ELECTRONICA
496,Auriculares Bluetooth,Auriculares Bluetooth con pantalla 4K,254.13,2,ELECTRONICA
497,Pesas ajustables,Pesas ajustables facil de transportar,279.31,34,DEPORTE
498,Pantalon vaquero,Pantalon vaquero para cualquier ocasion,466.07,35,ROPA
499,Botella de agua mineral,Botella de agua mineral en envase reciclable,48.92,17,ALIMENTACION
500,Juego de mesa familiar,Juego de mesa familiar colores vibrantes,32.72,51,JUGUETERIA
501,Set de marcadores,Set de marcadores edicion limitada,421.65,89,LIBRERIA
502,Linterna LED,Linterna LED diseno innovador,328.09,52,OTROS
503,Raqueta de tenis,Raqueta de tenis resistente y duradero,402.65,83,DEPORTE
504,Raqueta de tenis,Raqueta de tenis apto para exteriores,58.66,10,DEPORTE
505,Cojin decorativo,Cojin decorativo diseno elegante,18.88,37,HOGAR
506,Set de marcadores,Set de marcadores tapa dura,37.33,77,LIBRERIA
507,Tablet,Tablet con pantalla 4K,278.09,82,ELECTRONICA
508,Smartphone,Smartphone de alta fidelidad,47.09,73,ELECTRONICA
509,Auriculares Bluetooth,Auriculares Bluetooth con gran autonomia,27.61,41,ELECTRONICA
510,Caja de cereales,Caja de cereales 100% natural,49.05,97,ALIMENTACION
511,Chaqueta impermeable,Chaqueta impermeable gran comodidad,101.47,97,ROPA
512,Bicicleta de montanya,Bicicleta de montanya ideal para entrenamiento,352.82,13,DEPORTE
513,Sarten antiadherente,Sarten antiadherente color neutro,55.0,100,HOGAR
514,Libro de aventuras,Libro de aventuras edicion limitada,399.05,62,LIBRERIA
515,Tablet,Tablet con pantalla 4K,80.01,60,ELECTRONICA
516,Paquete de arroz,Paquete de arroz de cultivo ecologico,44.34,88,ALIMENTACION
517,Cuaderno de notas,Cuaderno de notas edicion limitada,260.57,94,LIBRERIA
518,Sarten antiadherente,Sarten antiadherente materiales resistentes,172.82,47,HOGAR
519,Balon de futbol,Balon de futbol facil de transportar,123.36,79,DEPORTE
520,Botella de aceite,Botella de aceite perfecto para el dia a dia,31.76,64,ALIMENTACION
521,Paquete de arroz,Paquete de arroz de cultivo ecologico,38.55,40,ALIMENTACION
522,Tableta de chocolate,Tableta de chocolate 100% natural,23.29,22,ALIMENTACION
523,Pantalon vaquero,Pantalon vaquero algodon organico,143.66,47,ROPA
524,Lampara de escritorio,Lampara de escritorio facil de limpiar,93.7,99,HOGAR
525,Mochila escolar,Mochila escolar de facil uso,489.35,98,OTROS
526,Paraguas automatico,Paraguas automatico multiusos,485.98,63,OTROS
527,Tablet,Tablet de alta fidelidad,203.46,80,ELECTRONICA
528,Boligrafo azul,Boligrafo azul con diseno exclusivo,258.68,80,LIBRERIA
529,Set de toallas,Set de toallas facil de limpiar,342.69,65,HOGAR
530,Mochila escolar,Mochila escolar multiusos,312.2,83,OTROS
531,Camara Reflex,Camara Reflex con pantalla 4K,351.37,72,ELECTRONICA
532,Smartphone,Smartphone de ultima generacion,148.88,21,ELECTRONICA
533,Balon de futbol,Balon de futbol ideal para entrenamiento,197.17,60,DEPORTE
534,Caja de cereales,Caja de cereales en envase reciclable,23.96,69,ALIMENTACION
535,Maleta de viaje,Maleta de viaje multiusos,94.24,14,OTROS
536,Pesas ajustables,Pesas ajustables ideal para entrenamiento,203.75,9,DEPORTE
537,Set de toallas,Set de toallas color neutro,245.72,90,HOGAR
538,Maleta de viaje,Maleta de viaje diseno innovador,230.02,70,OTROS
539,Boligrafo azul,Boligrafo azul papel reciclado,321.91,41,LIBRERIA
540,Auriculares Bluetooth,Auriculares Bluetooth con gran autonomia,35.89,47,ELECTRONICA
541,Pesas ajustables,Pesas ajustables ideal para entrenamiento,31.77,3,DEPORTE
542,Bicicleta de montanya,Bicicleta de montanya apto para exteriores,319.67,11,DEPORTE
543,Libro de aventuras,Libro de aventuras con diseno exclusivo,205.51,39,LIBRERIA
544,Linterna LED,Linterna LED con garantia,110.98,34,OTROS
545,Libro de aventuras,Libro de aventuras tapa dura,448.0,55,LIBRERIA
546,Set de toallas,Set de toallas materiales resistentes,103.31,54,HOGAR
547,Linterna LED,Linterna LED con garantia,345.97,21,OTROS
548,Bicicleta de montanya,Bicicleta de montanya ergonomico,197.62,2,DEPORTE
549,Muñeca articulada,Muñeca articulada colores vibrantes,310.17,42,JUGUETERIA
550,Lampara de escritorio,Lampara de escritorio materiales resistentes,448.77,19,HOGAR
551,Mochila escolar,Mochila escolar multiusos,397.05,87,OTROS
552,Bicicleta de montanya,Bicicleta de montanya ergonomico,362.53,58,DEPORTE
553,Boligrafo azul,Boligrafo azul edicion limitada,53.24,28,LIBRERIA
554,Juego de mesa familiar,Juego de mesa familiar colores vibrantes,388.32,77,JUGUETERIA
555,Raqueta de tenis,Raqueta de tenis apto para exteriores,108.83,25,DEPORTE
556,Tablet,Tablet de alta fidelidad,13.01,40,ELECTRONICA
557,Tableta de chocolate,Tableta de chocolate en envase reciclable,21.29,46,ALIMENTACION
558,Cojin decorativo,Cojin decorativo perfecto para el hogar,263.97,98,HOGAR
559,Lampara de escritorio,Lampara de escritorio materiales resistentes,232.12,48,HOGAR
560,Set de marcadores,Set de marcadores edicion limitada,85.52,56,LIBRERIA
561,Bicicleta de montanya,Bicicleta de montanya facil de transportar,318.88,90,DEPORTE
562,Paquete de arroz,Paquete de arroz 100% natural,5.39,3,ALIMENTACION
563,Balon de futbol,Balon de futbol facil de transportar,376.22,80,DEPORTE
564,Tableta de chocolate,Tableta de chocolate perfecto para el dia a dia,29.48,5,ALIMENTACION
565,Chaqueta impermeable,Chaqueta impermeable corte moderno,115.33,59,ROPA
566,Balon de futbol,Balon de futbol ideal para entrenamiento,428.89,16,DEPORTE
567,Sarten antiadherente,Sarten antiadherente perfecto para el hogar,454.46,83,HOGAR
568,Balon de futbol,Balon de futbol apto para exteriores,392.19,65,DEPORTE
569,Sudadera con capucha,Sudadera con capucha diseno atemporal,157.16,54,ROPA
570,Muñeca articulada,Muñeca articulada con accesorios incluidos,21.17,4,JUGUETERIA
571,Agenda anual,Agenda anual edicion limitada,410.92,77,LIBRERIA
572,Set de toallas,Set de toallas materiales resistentes,479.78,56,HOGAR
573,Lego City,Lego City con accesorios incluidos,100.37,83,JUGUETERIA
574,Balon de futbol,Balon de futbol ergonomico,217.41,82,DEPORTE
575,Raqueta de tenis,Raqueta de tenis facil de transportar,452.56,67,DEPORTE
576,Boligrafo azul,Boligrafo azul papel reciclado,54.29,17,LIBRERIA
577,Botella de agua mineral,Botella de agua mineral en envase reciclable,42.31,81,ALIMENTACION
578,Zapatillas deportivas,Zapatillas deportivas corte moderno,474.61,27,ROPA
579,Paquete de arroz,Paquete de arroz 100% natural,22.43,81,ALIMENTACION
580,Libro de aventuras,Libro de aventuras edicion limitada,355.25,11,LIBRERIA
581,Balon de futbol,Balon de futbol ideal para entrenamiento,491.79,82,DEPORTE
582,Cortina de ducha,Cortina de ducha materiales resistentes,328.0,29,HOGAR
583,Pantalon vaquero,Pantalon vaquero gran comodidad,421.03,93,ROPA
584,Bicicleta de montanya,Bicicleta de montanya resistente y duradero,141.11,19,DEPORTE
585,Camara Reflex,Camara Reflex ideal para entretenimiento,434.13,15,ELECTRONICA
586,Cargador portatil,Cargador portatil multiusos,58.0,37,OTROS
587,Pantalon vaquero,Pantalon vaquero algodon organico,43.3,47,ROPA
588,Juego de mesa familiar,Juego de mesa familiar para todas las edades,248.06,3,JUGUETERIA
589,Balon de futbol,Balon de futbol facil de transportar,479.81,10,DEPORTE
590,Juego de mesa familiar,Juego de mesa familiar con accesorios incluidos,445.41,82,JUGUETERIA
591,Paraguas automatico,Paraguas automatico compacto y ligero,152.88,23,OTROS
592,Televisor LED,Televisor LED de alta fidelidad,496.9,62,ELECTRONICA
593,Smartphone,Smartphone ideal para entretenimiento,372.14,16,ELECTRONICA
594,Lego City,Lego City para todas las edades,270.3,67,JUGUETERIA
595,Cuaderno de notas,Cuaderno de notas con diseno exclusivo,61.82,28,LIBRERIA
596,Tablet,Tablet con pantalla 4K,113.78,94,ELECTRONICA
597,Agenda anual,Agenda anual con diseno exclusivo,243.38,12,LIBRERIA
598,Cojin decorativo,Cojin decorativo diseno elegante,236.19,64,HOGAR
599,Esterilla de yoga,Esterilla de yoga facil de transportar,461.56,33,DEPORTE
600,Cuaderno de notas,Cuaderno de notas con diseno exclusivo,481.13,14,LIBRERIA
601,Pantalon vaquero,Pantalon vaquero corte moderno,477.11,63,ROPA
602,Pesas ajustables,Pesas ajustables facil de transportar,300.18,35,DEPORTE
603,Cojin decorativo,Cojin decorativo facil de limpiar,305.61,55,HOGAR
604,Lego City,Lego City estimula la creatividad,190.11,81,JUGUETERIA
605,Tableta de chocolate,Tableta de chocolate de cultivo ecologico,44.58,66,ALIMENTACION
606,Zapatillas deportivas,Zapatillas deportivas para cualquier ocasion,150.27,83,ROPA
607,Sarten antiadherente,Sarten antiadherente facil de limpiar,61.75,42,HOGAR
608,Raqueta de tenis,Raqueta de tenis apto para exteriores,126.43,28,DEPORTE
609,Set de toallas,Set de toallas materiales resistentes,390.86,16,HOGAR
610,Tablet,Tablet de ultima generacion,359.82,28,ELECTRONICA
611,Cargador portatil,Cargador portatil diseno innovador,449.88,72,OTROS
612,Tableta de chocolate,Tableta de chocolate sin azucar anadido,30.49,68,ALIMENTACION
613,Muñeca articulada,Muñeca articulada colores vibrantes,142.63,78,JUGUETERIA
614,Botella de agua mineral,Botella de agua mineral en envase reciclable,34.42,56,ALIMENTACION
615,Set de toallas,Set de toallas materiales resistentes,102.58,64,HOGAR
616,Maleta de viaje,Maleta de viaje diseno innovador,213.51,16,OTROS
617,Paraguas automatico,Paraguas automatico con garantia,166.8,50,OTROS
618,Lego City,Lego City para todas las edades,146.09,83,JUGUETERIA
619,Portatil,Portatil de alta fidelidad,69.87,52,ELECTRONICA
620,Auriculares Bluetooth,Auriculares Bluetooth ideal para entretenimiento,24.36,83,ELECTRONICA
621,Televisor LED,Televisor LED con gran autonomia,52.08,54,ELECTRONICA
622,Sudadera con capucha,Sudadera con capucha diseno atemporal,378.08,52,ROPA
623,Botella de agua mineral,Botella de agua mineral sin azucar anadido,25.2,7,ALIMENTACION
624,Bicicleta de montanya,Bicicleta de montanya facil de transportar,249.2,83,DEPORTE
625,Caja de cereales,Caja de cereales perfecto para el dia a dia,6.03,29,ALIMENTACION
626,Televisor LED,Televisor LED con pantalla 4K,57.04,42,ELECTRONICA
627,Raqueta de tenis,Raqueta de tenis ideal para entrenamiento,48.57,93,DEPORTE
628,Cojin decorativo,Cojin decorativo facil de limpiar,467.38,7,HOGAR
629,Camiseta basica,Camiseta basica algodon organico,28.76,39,ROPA
630,Caja de cereales,Caja de cereales sin azucar anadido,34.71,49,ALIMENTACION
631,Pantalon vaquero,Pantalon vaquero corte moderno,293.81,16,ROPA
632,Agenda anual,Agenda anual papel reciclado,377.75,53,LIBRERIA
633,Maleta de viaje,Maleta de viaje con garantia,266.16,74,OTROS
634,Linterna LED,Linterna LED diseno innovador,164.35,94,OTROS
635,Paraguas automatico,Paraguas automatico multiusos,135.59,38,OTROS
636,Caja de cereales,Caja de cereales perfecto para el dia a dia,41.94,32,ALIMENTACION
637,Muñeca articulada,Muñeca articulada para todas las edades,486.02,8,JUGUETERIA
638,Muñeca articulada,Muñeca articulada materiales seguros,236.73,50,JUGUETERIA
639,Juego de mesa familiar,Juego de mesa familiar para todas las edades,173.52,76,JUGUETERIA
640,Set de toallas,Set de toallas perfecto para el hogar,329.37,65,HOGAR
641,Botella de aceite,Botella de aceite de cultivo ecologico,45.92,50,ALIMENTACION
642,Cargador portatil,Cargador portatil con garantia,105.5,52,OTROS
643,Muñeca articulada,Muñeca articulada estimula la creatividad,214.43,88,JUGUETERIA
644,Zapatillas deportivas,Zapatillas deportivas algodon organico,77.91,14,ROPA
645,Botella de aceite,Botella de aceite 100% natural,44.81,24,ALIMENTACION
646,Camiseta basica,Camiseta basica para cualquier ocasion,332.63,58,ROPA
647,Set de toallas,Set de toallas facil de limpiar,463.83,11,HOGAR
648,Sarten antiadherente,Sarten antiadherente materiales resistentes,79.56,65,HOGAR
649,Esterilla de yoga,Esterilla de yoga apto para exteriores,31.31,35,DEPORTE
650,Lampara de escritorio,Lampara de escritorio facil de limpiar,326.07,94,HOGAR
651,Raqueta de tenis,Raqueta de tenis apto para exteriores,98.78,23,DEPORTE
652,Zapatillas deportivas,Zapatillas deportivas gran comodidad,249.34,56,ROPA
653,Paquete de arroz,Paquete de arroz de cultivo ecologico,47.99,29,ALIMENTACION
654,Paquete de arroz,Paquete de arroz 100% natural,29.19,31,ALIMENTACION
655,Botella de agua mineral,Botella de agua mineral 100% natural,14.5,80,ALIMENTACION
656,Pesas ajustables,Pesas ajustables facil de transportar,55.15,94,DEPORTE
657,Chaqueta impermeable,Chaqueta impermeable corte moderno,89.66,27,ROPA
658,Set de toallas,Set de toallas color neutro,147.55,1,HOGAR
659,Botella de aceite,Botella de aceite perfecto para el dia a dia,45.48,80,ALIMENTACION
660,Mochila escolar,Mochila escolar compacto y ligero,89.27,88,OTROS
661,Botella de aceite,Botella de aceite de cultivo ecologico,17.28,59,ALIMENTACION
662,Libro de aventuras,Libro de aventuras ideal para estudiantes,216.82,3,LIBRERIA
663,Agenda anual,Agenda anual tapa dura,89.51,98,LIBRERIA
664,Auriculares Bluetooth,Auriculares Bluetooth de alta fidelidad,484.92,75,ELECTRONICA
665,Portatil,Portatil con pantalla 4K,238.92,6,ELECTRONICA
666,Auriculares Bluetooth,Auriculares Bluetooth de alta fidelidad,418.5,68,ELECTRONICA
667,Cuaderno de notas,Cuaderno de notas tapa dura,54.5,95,LIBRERIA
668,Sarten antiadherente,Sarten antiadherente perfecto para el hogar,368.73,70,HOGAR
669,Chaqueta impermeable,Chaqueta impermeable diseno atemporal,185.32,2,ROPA
670,Set de toallas,Set de toallas diseno elegante,446.23,100,HOGAR
671,Maleta de viaje,Maleta de viaje diseno innovador,344.46,94,OTROS
672,Smartphone,Smartphone con gran autonomia,428.85,85,ELECTRONICA
673,Agenda anual,Agenda anual ideal para estudiantes,20.3,74,LIBRERIA
674,Bicicleta de montanya,Bicicleta de montanya ideal para entrenamiento,373.46,25,DEPORTE
675,Balon de futbol,Balon de futbol apto para exteriores,439.19,87,DEPORTE
676,Cargador portatil,Cargador portatil compacto y ligero,136.33,87,OTROS
677,Set de toallas,Set de toallas perfecto para el hogar,296.63,36,HOGAR
678,Pantalon vaquero,Pantalon vaquero algodon organico,291.86,90,ROPA
679,Cojin decorativo,Cojin decorativo facil de limpiar,219.56,59,HOGAR
680,Set de toallas,Set de toallas facil de limpiar,484.89,64,HOGAR
681,Boligrafo azul,Boligrafo azul papel reciclado,263.98,38,LIBRERIA
682,Agenda anual,Agenda anual ideal para estudiantes,147.69,38,LIBRERIA
683,Portatil,Portatil de ultima generacion,112.58,76,ELECTRONICA
684,Paquete de arroz,Paquete de arroz en envase reciclable,15.99,56,ALIMENTACION
685,Lampara de escritorio,Lampara de escritorio facil de limpiar,129.46,45,HOGAR
686,Zapatillas deportivas,Zapatillas deportivas gran comodidad,81.74,12,ROPA
687,Pantalon vaquero,Pantalon vaquero corte moderno,218.87,11,ROPA
688,Pantalon vaquero,Pantalon vaquero algodon organico,239.22,46,ROPA
689,Juego de mesa familiar,Juego de mesa familiar con accesorios incluidos,202.56,13,JUGUETERIA
690,Sudadera con capucha,Sudadera con capucha gran comodidad,158.81,73,ROPA
691,Bicicleta de montanya,Bicicleta de montanya ergonomico,73.89,99,DEPORTE
692,Puzzle de 1000 piezas,Puzzle de 1000 piezas materiales seguros,211.07,26,JUGUETERIA
693,Sudadera con capucha,Sudadera con capucha algodon organico,152.18,81,ROPA
694,Cargador portatil,Cargador portatil compacto y ligero,191.1,56,OTROS
695,Botella de aceite,Botella de aceite perfecto para el dia a dia,22.65,41,ALIMENTACION
696,Sarten antiadherente,Sarten antiadherente diseno elegante,216.7,54,HOGAR
697,Pesas ajustables,Pesas ajustables resistente y duradero,456.72,4,DEPORTE
698,Balon de futbol,Balon de futbol ideal para entrenamiento,309.53,39,DEPORTE
699,Lego City,Lego City colores vibrantes,189.69,80,JUGUETERIA
700,Camiseta basica,Camiseta basica para cualquier ocasion,67.34,86,ROPA
701,Portatil,Portatil ideal para entretenimiento,232.81,7,ELECTRONICA
702,Paquete de arroz,Paquete de arroz sin azucar anadido,41.66,84,ALIMENTACION
703,Caja de cereales,Caja de cereales perfecto para el dia a dia,5.77,38,ALIMENTACION
704,Mochila escolar,Mochila escolar multiusos,65.11,75,OTROS
705,Camara Reflex,Camara Reflex con pantalla 4K,260.55,72,ELECTRONICA
706,Paraguas automatico,Paraguas automatico compacto y ligero,448.05,82,OTROS
707,Agenda anual,Agenda anual con diseno exclusivo,360.98,1,LIBRERIA
708,Cargador portatil,Cargador portatil compacto y ligero,61.78,1,OTROS
709,Set de marcadores,Set de marcadores tapa dura,262.31,32,LIBRERIA
710,Muñeca articulada,Muñeca articulada con accesorios incluidos,17.2,65,JUGUETERIA
711,Linterna LED,Linterna LED multiusos,463.39,39,OTROS
712,Pesas ajustables,Pesas ajustables ideal para entrenamiento,411.03,70,DEPORTE
713,Zapatillas deportivas,Zapatillas deportivas para cualquier ocasion,430.36,79,ROPA
714,Tableta de chocolate,Tableta de chocolate de cultivo ecologico,32.17,24,ALIMENTACION
715,Cuaderno de notas,Cuaderno de notas papel reciclado,258.2,90,LIBRERIA
716,Juego de mesa familiar,Juego de mesa familiar con accesorios incluidos,148.57,86,JUGUETERIA
717,Botella de agua mineral,Botella de agua mineral en envase reciclable,19.0,36,ALIMENTACION
718,Pesas ajustables,Pesas ajustables resistente y duradero,234.66,55,DEPORTE
719,Libro de aventuras,Libro de aventuras con diseno exclusivo,231.26,73,LIBRERIA
720,Balon de futbol,Balon de futbol ergonomico,154.87,83,DEPORTE
721,Maleta de viaje,Maleta de viaje diseno innovador,481.58,60,OTROS
722,Mochila escolar,Mochila escolar multiusos,490.97,46,OTROS
723,Puzzle de 1000 piezas,Puzzle de 1000 piezas colores vibrantes,198.36,9,JUGUETERIA
724,Cuaderno de notas,Cuaderno de notas con diseno exclusivo,329.69,73,LIBRERIA
725,Sarten antiadherente,Sarten antiadherente materiales resistentes,142.78,98,HOGAR
726,Chaqueta impermeable,Chaqueta impermeable algodon organico,458.5,83,ROPA
727,Linterna LED,Linterna LED de facil uso,304.89,24,OTROS
728,Pantalon vaquero,Pantalon vaquero diseno atemporal,296.48,75,ROPA
729,Cojin decorativo,Cojin decorativo color neutro,415.79,9,HOGAR
730,Televisor LED,Televisor LED con pantalla 4K,119.69,86,ELECTRONICA
731,Tableta de chocolate,Tableta de chocolate en envase reciclable,16.86,30,ALIMENTACION
732,Muñeca articulada,Muñeca articulada materiales seguros,365.44,50,JUGUETERIA
733,Balon de futbol,Balon de futbol resistente y duradero,307.89,15,DEPORTE
734,Camara Reflex,Camara Reflex de ultima generacion,223.56,48,ELECTRONICA
735,Smartphone,Smartphone de alta fidelidad,58.29,58,ELECTRONICA
736,Raqueta de tenis,Raqueta de tenis ergonomico,280.45,26,DEPORTE
737,Chaqueta impermeable,Chaqueta impermeable para cualquier ocasion,341.03,29,ROPA
738,Coche teledirigido,Coche teledirigido con accesorios incluidos,407.85,25,JUGUETERIA
739,Botella de agua mineral,Botella de agua mineral 100% natural,31.83,86,ALIMENTACION
740,Botella de aceite,Botella de aceite 100% natural,40.69,1,ALIMENTACION
741,Sarten antiadherente,Sarten antiadherente color neutro,275.56,10,HOGAR
742,Cortina de ducha,Cortina de ducha color neutro,250.61,27,HOGAR
743,Cargador portatil,Cargador portatil diseno innovador,181.46,72,OTROS
744,Libro de aventuras,Libro de aventuras ideal para estudiantes,216.62,49,LIBRERIA
745,Botella de agua mineral,Botella de agua mineral 100% natural,7.23,67,ALIMENTACION
746,Camiseta basica,Camiseta basica algodon organico,251.86,7,ROPA
747,Lampara de escritorio,Lampara de escritorio materiales resistentes,411.56,38,HOGAR
748,Chaqueta impermeable,Chaqueta impermeable diseno atemporal,38.64,21,ROPA
749,Camiseta basica,Camiseta basica gran comodidad,289.8,67,ROPA
750,Chaqueta impermeable,Chaqueta impermeable gran comodidad,33.04,90,ROPA
751,Botella de agua mineral,Botella de agua mineral en envase reciclable,46.91,34,ALIMENTACION
752,Televisor LED,Televisor LED de alta fidelidad,213.6,26,ELECTRONICA
753,Lampara de escritorio,Lampara de escritorio materiales resistentes,106.1,94,HOGAR
754,Lampara de escritorio,Lampara de escritorio materiales resistentes,249.31,73,HOGAR
755,Tablet,Tablet de ultima generacion,475.2,77,ELECTRONICA
756,Botella de agua mineral,Botella de agua mineral en envase reciclable,47.38,35,ALIMENTACION
757,Televisor LED,Televisor LED de ultima generacion,250.82,29,ELECTRONICA
758,Sarten antiadherente,Sarten antiadherente perfecto para el hogar,155.19,30,HOGAR
759,Televisor LED,Televisor LED de ultima generacion,387.94,26,ELECTRONICA
760,Balon de futbol,Balon de futbol ergonomico,243.68,50,DEPORTE
761,Raqueta de tenis,Raqueta de tenis facil de transportar,352.16,71,DEPORTE
762,Libro de aventuras,Libro de aventuras ideal para estudiantes,63.41,79,LIBRERIA
763,Set de toallas,Set de toallas materiales resistentes,174.85,8,HOGAR
764,Coche teledirigido,Coche teledirigido para todas las edades,296.37,30,JUGUETERIA
765,Esterilla de yoga,Esterilla de yoga ergonomico,27.66,2,DEPORTE
766,Muñeca articulada,Muñeca articulada para todas las edades,33.04,57,JUGUETERIA
767,Agenda anual,Agenda anual tapa dura,160.49,78,LIBRERIA
768,Puzzle de 1000 piezas,Puzzle de 1000 piezas materiales seguros,305.03,62,JUGUETERIA
769,Paquete de arroz,Paquete de arroz 100% natural,13.26,70,ALIMENTACION
770,Juego de mesa familiar,Juego de mesa familiar estimula la creatividad,449.33,29,JUGUETERIA
771,Mochila escolar,Mochila escolar diseno innovador,391.2,38,OTROS
772,Lego City,Lego City estimula la creatividad,162.84,70,JUGUETERIA
773,Paquete de arroz,Paquete de arroz sin azucar anadido,45.12,91,ALIMENTACION
774,Mochila escolar,Mochila escolar multiusos,105.76,18,OTROS
775,Puzzle de 1000 piezas,Puzzle de 1000 piezas colores vibrantes,109.33,48,JUGUETERIA
776,Libro de aventuras,Libro de aventuras papel reciclado,350.68,84,LIBRERIA
777,Maleta de viaje,Maleta de viaje multiusos,251.96,5,OTROS
778,Sudadera con capucha,Sudadera con capucha gran comodidad,195.17,11,ROPA
779,Tablet,Tablet ideal para entretenimiento,195.05,3,ELECTRONICA
780,Pesas ajustables,Pesas ajustables facil de transportar,26.99,27,DEPORTE
781,Raqueta de tenis,Raqueta de tenis facil de transportar,268.58,85,DEPORTE
782,Camiseta basica,Camiseta basica gran comodidad,382.68,4,ROPA
783,Set de toallas,Set de toallas color neutro,112.19,4,HOGAR
784,Cojin decorativo,Cojin decorativo perfecto para el hogar,433.54,94,HOGAR
785,Televisor LED,Televisor LED ideal para entretenimiento,197.11,93,ELECTRONICA
786,Zapatillas deportivas,Zapatillas deportivas para cualquier ocasion,214.8,93,ROPA
787,Pantalon vaquero,Pantalon vaquero para cualquier ocasion,236.33,31,ROPA
788,Libro de aventuras,Libro de aventuras con diseno exclusivo,400.8,36,LIBRERIA
789,Botella de aceite,Botella de aceite perfecto para el dia a dia,15.5,74,ALIMENTACION
790,Balon de futbol,Balon de futbol ergonomico,140.76,35,DEPORTE
791,Zapatillas deportivas,Zapatillas deportivas algodon organico,66.53,73,ROPA
792,Set de toallas,Set de toallas materiales resistentes,224.69,3,HOGAR
793,Maleta de viaje,Maleta de viaje de facil uso,23.32,46,OTROS
794,Cargador portatil,Cargador portatil compacto y ligero,207.26,75,OTROS
795,Caja de cereales,Caja de cereales perfecto para el dia a dia,28.02,9,ALIMENTACION
796,Paraguas automatico,Paraguas automatico diseno innovador,384.16,36,OTROS
797,Chaqueta impermeable,Chaqueta impermeable corte moderno,117.57,23,ROPA
798,Set de marcadores,Set de marcadores tapa dura,120.17,84,LIBRERIA
799,Smartphone,Smartphone ideal para entretenimiento,430.98,75,ELECTRONICA
800,Lampara de escritorio,Lampara de escritorio color neutro,360.09,8,HOGAR
801,Sudadera con capucha,Sudadera con capucha algodon organico,340.8,46,ROPA
802,Auriculares Bluetooth,Auriculares Bluetooth con pantalla 4K,178.12,10,ELECTRONICA
803,Maleta de viaje,Maleta de viaje con garantia,43.34,27,OTROS
804,Cojin decorativo,Cojin decorativo diseno elegante,415.42,88,HOGAR
805,Balon de futbol,Balon de futbol facil de transportar,438.55,19,DEPORTE
806,Tablet,Tablet ideal para entretenimiento,395.14,43,ELECTRONICA
807,Bicicleta de montanya,Bicicleta de montanya facil de transportar,471.53,38,DEPORTE
808,Smartphone,Smartphone de alta fidelidad,27.08,20,ELECTRONICA
809,Televisor LED,Televisor LED ideal para entretenimiento,109.68,41,ELECTRONICA
810,Cortina de ducha,Cortina de ducha perfecto para el hogar,416.21,5,HOGAR
811,Boligrafo azul,Boligrafo azul tapa dura,477.81,29,LIBRERIA
812,Esterilla de yoga,Esterilla de yoga resistente y duradero,424.56,68,DEPORTE
813,Auriculares Bluetooth,Auriculares Bluetooth con gran autonomia,331.3,67,ELECTRONICA
814,Mochila escolar,Mochila escolar diseno innovador,101.54,74,OTROS
815,Pantalon vaquero,Pantalon vaquero diseno atemporal,125.32,99,ROPA
816,Cortina de ducha,Cortina de ducha perfecto para el hogar,160.83,15,HOGAR
817,Juego de mesa familiar,Juego de mesa familiar con accesorios incluidos,184.13,46,JUGUETERIA
818,Caja de cereales,Caja de cereales en envase reciclable,30.66,58,ALIMENTACION
819,Raqueta de tenis,Raqueta de tenis ergonomico,414.77,17,DEPORTE
820,Juego de mesa familiar,Juego de mesa familiar colores vibrantes,334.62,78,JUGUETERIA
821,Sudadera con capucha,Sudadera con capucha diseno atemporal,160.35,11,ROPA
822,Pesas ajustables,Pesas ajustables ergonomico,491.71,74,DEPORTE
823,Paraguas automatico,Paraguas automatico compacto y ligero,438.82,2,OTROS
824,Libro de aventuras,Libro de aventuras ideal para estudiantes,135.37,71,LIBRERIA
825,Maleta de viaje,Maleta de viaje compacto y ligero,435.38,56,OTROS
826,Camara Reflex,Camara Reflex con pantalla 4K,495.02,17,ELECTRONICA
827,Pesas ajustables,Pesas ajustables apto para exteriores,68.09,90,DEPORTE
828,Puzzle de 1000 piezas,Puzzle de 1000 piezas para todas las edades,171.72,44,JUGUETERIA
829,Paquete de arroz,Paquete de arroz 100% natural,37.2,46,ALIMENTACION
830,Linterna LED,Linterna LED de facil uso,371.65,56,OTROS
831,Chaqueta impermeable,Chaqueta impermeable corte moderno,368.05,93,ROPA
832,Botella de aceite,Botella de aceite 100% natural,30.08,48,ALIMENTACION
833,Linterna LED,Linterna LED diseno innovador,222.1,66,OTROS
834,Camiseta basica,Camiseta basica corte moderno,152.19,44,ROPA
835,Auriculares Bluetooth,Auriculares Bluetooth ideal para entretenimiento,449.16,75,ELECTRONICA
836,Bicicleta de montanya,Bicicleta de montanya apto para exteriores,195.11,97,DEPORTE
837,Cuaderno de notas,Cuaderno de notas tapa dura,407.92,95,LIBRERIA
838,Juego de mesa familiar,Juego de mesa familiar colores vibrantes,142.74,79,JUGUETERIA
839,Lampara de escritorio,Lampara de escritorio diseno elegante,145.97,16,HOGAR
840,Sudadera con capucha,Sudadera con capucha para cualquier ocasion,222.26,22,ROPA
841,Sudadera con capucha,Sudadera con capucha gran comodidad,377.97,30,ROPA
842,Pantalon vaquero,Pantalon vaquero algodon organico,107.39,66,ROPA
843,Libro de aventuras,Libro de aventuras edicion limitada,451.76,70,LIBRERIA
844,Muñeca articulada,Muñeca articulada con accesorios incluidos,417.09,4,JUGUETERIA
845,Cortina de ducha,Cortina de ducha diseno elegante,471.19,74,HOGAR
846,Pesas ajustables,Pesas ajustables ergonomico,67.46,59,DEPORTE
847,Camiseta basica,Camiseta basica algodon organico,224.98,56,ROPA
848,Mochila escolar,Mochila escolar multiusos,432.93,36,OTROS
849,Caja de cereales,Caja de cereales 100% natural,37.47,29,ALIMENTACION
850,Caja de cereales,Caja de cereales de cultivo ecologico,25.85,36,ALIMENTACION
851,Cargador portatil,Cargador portatil multiusos,354.87,41,OTROS
852,Portatil,Portatil de ultima generacion,466.52,67,ELECTRONICA
853,Cortina de ducha,Cortina de ducha color neutro,332.26,81,HOGAR
854,Camara Reflex,Camara Reflex de ultima generacion,126.73,76,ELECTRONICA
855,Raqueta de tenis,Raqueta de tenis ideal para entrenamiento,136.32,20,DEPORTE
856,Paraguas automatico,Paraguas automatico de facil uso,144.89,26,OTROS
857,Botella de agua mineral,Botella de agua mineral de cultivo ecologico,1.16,9,ALIMENTACION
858,Cargador portatil,Cargador portatil con garantia,108.23,23,OTROS
859,Portatil,Portatil de alta fidelidad,308.62,81,ELECTRONICA
860,Puzzle de 1000 piezas,Puzzle de 1000 piezas con accesorios incluidos,267.58,24,JUGUETERIA
861,Pantalon vaquero,Pantalon vaquero diseno atemporal,335.65,63,ROPA
862,Esterilla de yoga,Esterilla de yoga apto para exteriores,273.99,38,DEPORTE
863,Botella de aceite,Botella de aceite 100% natural,48.18,97,ALIMENTACION
864,Chaqueta impermeable,Chaqueta impermeable para cualquier ocasion,166.07,85,ROPA
865,Balon de futbol,Balon de futbol ideal para entrenamiento,235.04,41,DEPORTE
866,Caja de cereales,Caja de cereales en envase reciclable,35.54,100,ALIMENTACION
867,Linterna LED,Linterna LED con garantia,208.94,31,OTROS
868,Tablet,Tablet de alta fidelidad,256.21,53,ELECTRONICA
869,Auriculares Bluetooth,Auriculares Bluetooth de alta fidelidad,134.49,41,ELECTRONICA
870,Pesas ajustables,Pesas ajustables facil de transportar,215.47,34,DEPORTE
871,Tablet,Tablet con gran autonomia,365.45,44,ELECTRONICA
872,Tablet,Tablet con gran autonomia,207.86,74,ELECTRONICA
873,Set de marcadores,Set de marcadores papel reciclado,390.88,15,LIBRERIA
874,Cortina de ducha,Cortina de ducha color neutro,272.18,93,HOGAR
875,Portatil,Portatil de ultima generacion,391.31,43,ELECTRONICA
876,Cojin decorativo,Cojin decorativo facil de limpiar,329.19,67,HOGAR
877,Puzzle de 1000 piezas,Puzzle de 1000 piezas colores vibrantes,103.23,21,JUGUETERIA
878,Raqueta de tenis,Raqueta de tenis apto para exteriores,401.64,48,DEPORTE
879,Sarten antiadherente,Sarten antiadherente materiales resistentes,278.71,32,HOGAR
880,Televisor LED,Televisor LED de ultima generacion,378.79,68,ELECTRONICA
881,Botella de agua mineral,Botella de agua mineral en envase reciclable,39.78,6,ALIMENTACION
882,Agenda anual,Agenda anual con diseno exclusivo,17.0,81,LIBRERIA
883,Muñeca articulada,Muñeca articulada estimula la creatividad,376.21,49,JUGUETERIA
884,Raqueta de tenis,Raqueta de tenis apto para exteriores,431.68,10,DEPORTE
885,Botella de agua mineral,Botella de agua mineral en envase reciclable,1.99,96,ALIMENTACION
886,Libro de aventuras,Libro de aventuras edicion limitada,397.35,25,LIBRERIA
887,Sudadera con capucha,Sudadera con capucha para cualquier ocasion,258.62,3,ROPA
888,Sudadera con capucha,Sudadera con capucha para cualquier ocasion,105.32,34,ROPA
889,Linterna LED,Linterna LED diseno innovador,217.62,29,OTROS
890,Esterilla de yoga,Esterilla de yoga apto para exteriores,244.26,90,DEPORTE
891,Juego de mesa familiar,Juego de mesa familiar para todas las edades,496.61,94,JUGUETERIA
892,Bicicleta de montanya,Bicicleta de montanya ergonomico,358.72,58,DEPORTE
893,Lego City,Lego City para todas las edades,201.69,30,JUGUETERIA
894,Mochila escolar,Mochila escolar de facil uso,283.76,83,OTROS
895,Sudadera con capucha,Sudadera con capucha corte moderno,405.79,11,ROPA
896,Botella de agua mineral,Botella de agua mineral de cultivo ecologico,11.18,63,ALIMENTACION
897,Muñeca articulada,Muñeca articulada materiales seguros,204.58,61,JUGUETERIA
898,Muñeca articulada,Muñeca articulada con accesorios incluidos,129.75,40,JUGUETERIA
899,Cortina de ducha,Cortina de ducha facil de limpiar,164.11,73,HOGAR
900,Balon de futbol,Balon de futbol apto para exteriores,346.75,97,DEPORTE
901,Cargador portatil,Cargador portatil de facil uso,159.94,84,OTROS
902,Puzzle de 1000 piezas,Puzzle de 1000 piezas con accesorios incluidos,355.89,66,JUGUETERIA
903,Paquete de arroz,Paquete de arroz en envase reciclable,35.26,49,ALIMENTACION
904,Libro de aventuras,Libro de aventuras papel reciclado,262.37,16,LIBRERIA
905,Cuaderno de notas,Cuaderno de notas ideal para estudiantes,435.53,15,LIBRERIA
906,Portatil,Portatil con gran autonomia,89.51,68,ELECTRONICA
907,Paraguas automatico,Paraguas automatico con garantia,211.98,2,OTROS
908,Camiseta basica,Camiseta basica para cualquier ocasion,497.89,93,ROPA
909,Zapatillas deportivas,Zapatillas deportivas diseno atemporal,309.47,48,ROPA
910,Cuaderno de notas,Cuaderno de notas con diseno exclusivo,264.01,27,LIBRERIA
911,Cojin decorativo,Cojin decorativo color neutro,129.36,60,HOGAR
912,Puzzle de 1000 piezas,Puzzle de 1000 piezas materiales seguros,86.3,92,JUGUETERIA
913,Maleta de viaje,Maleta de viaje diseno innovador,211.07,20,OTROS
914,Maleta de viaje,Maleta de viaje multiusos,159.36,25,OTROS
915,Muñeca articulada,Muñeca articulada colores vibrantes,232.0,13,JUGUETERIA
916,Auriculares Bluetooth,Auriculares Bluetooth con gran autonomia,299.25,9,ELECTRONICA
917,Cojin decorativo,Cojin decorativo materiales resistentes,175.75,2,HOGAR
918,Puzzle de 1000 piezas,Puzzle de 1000 piezas estimula la creatividad,411.27,55,JUGUETERIA
919,Sudadera con capucha,Sudadera con capucha gran comodidad,384.66,33,ROPA
920,Muñeca articulada,Muñeca articulada colores vibrantes,80.45,94,JUGUETERIA
921,Puzzle de 1000 piezas,Puzzle de 1000 piezas materiales seguros,135.15,14,JUGUETERIA
922,Set de marcadores,Set de marcadores edicion limitada,324.19,50,LIBRERIA
923,Cojin decorativo,Cojin decorativo color neutro,304.36,95,HOGAR
924,Paraguas automatico,Paraguas automatico compacto y ligero,6.32,30,OTROS
925,Muñeca articulada,Muñeca articulada colores vibrantes,77.51,22,JUGUETERIA
926,Maleta de viaje,Maleta de viaje diseno innovador,43.5,7,OTROS
927,Set de marcadores,Set de marcadores ideal para estudiantes,215.58,61,LIBRERIA
928,Set de toallas,Set de toallas color neutro,381.2,31,HOGAR
929,Pesas ajustables,Pesas ajustables facil de transportar,354.59,46,DEPORTE
930,Zapatillas deportivas,Zapatillas deportivas diseno atemporal,267.69,78,ROPA
931,Coche teledirigido,Coche teledirigido estimula la creatividad,357.12,56,JUGUETERIA
932,Linterna LED,Linterna LED diseno innovador,344.26,72,OTROS
933,Bicicleta de montanya,Bicicleta de montanya ideal para entrenamiento,17.52,47,DEPORTE
934,Mochila escolar,Mochila escolar de facil uso,110.82,72,OTROS
935,Juego de mesa familiar,Juego de mesa familiar estimula la creatividad,93.61,96,JUGUETERIA
936,Smartphone,Smartphone con gran autonomia,183.69,25,ELECTRONICA
937,Auriculares Bluetooth,Auriculares Bluetooth de alta fidelidad,167.58,48,ELECTRONICA
938,Zapatillas deportivas,Zapatillas deportivas algodon organico,305.35,5,ROPA
939,Chaqueta impermeable,Chaqueta impermeable para cualquier ocasion,26.74,90,ROPA
940,Sudadera con capucha,Sudadera con capucha algodon organico,485.71,4,ROPA
941,Cargador portatil,Cargador portatil de facil uso,247.7,61,OTROS
942,Paquete de arroz,Paquete de arroz sin azucar anadido,2.41,92,ALIMENTACION
943,Cuaderno de notas,Cuaderno de notas papel reciclado,46.0,16,LIBRERIA
944,Portatil,Portatil de ultima generacion,160.55,70,ELECTRONICA
945,Pantalon vaquero,Pantalon vaquero gran comodidad,370.04,43,ROPA
946,Cortina de ducha,Cortina de ducha color neutro,362.46,47,HOGAR
947,Camara Reflex,Camara Reflex con gran autonomia,211.11,86,ELECTRONICA
948,Televisor LED,Televisor LED con pantalla 4K,413.4,65,ELECTRONICA
949,Agenda anual,Agenda anual tapa dura,90.43,6,LIBRERIA
950,Zapatillas deportivas,Zapatillas deportivas corte moderno,345.91,53,ROPA
951,Libro de aventuras,Libro de aventuras con diseno exclusivo,140.51,45,LIBRERIA
952,Caja de cereales,Caja de cereales en envase reciclable,28.84,90,ALIMENTACION
953,Botella de agua mineral,Botella de agua mineral en envase reciclable,5.32,12,ALIMENTACION
954,Libro de aventuras,Libro de aventuras papel reciclado,162.16,81,LIBRERIA
955,Smartphone,Smartphone de ultima generacion,112.68,48,ELECTRONICA
956,Maleta de viaje,Maleta de viaje compacto y ligero,157.35,88,OTROS
957,Coche teledirigido,Coche teledirigido estimula la creatividad,31.4,91,JUGUETERIA
958,Pantalon vaquero,Pantalon vaquero diseno atemporal,74.51,41,ROPA
959,Raqueta de tenis,Raqueta de tenis ideal para entrenamiento,140.04,26,DEPORTE
960,Agenda anual,Agenda anual con diseno exclusivo,350.29,34,LIBRERIA
961,Tableta de chocolate,Tableta de chocolate sin azucar anadido,29.36,45,ALIMENTACION
962,Paraguas automatico,Paraguas automatico multiusos,475.08,75,OTROS
963,Raqueta de tenis,Raqueta de tenis ergonomico,286.51,90,DEPORTE
964,Bicicleta de montanya,Bicicleta de montanya apto para exteriores,107.69,90,DEPORTE
965,Camiseta basica,Camiseta basica gran comodidad,387.84,34,ROPA
966,Juego de mesa familiar,Juego de mesa familiar estimula la creatividad,20.57,15,JUGUETERIA
967,Boligrafo azul,Boligrafo azul papel reciclado,236.29,42,LIBRERIA
968,Cojin decorativo,Cojin decorativo perfecto para el hogar,330.86,5,HOGAR
969,Lampara de escritorio,Lampara de escritorio diseno elegante,435.32,2,HOGAR
970,Boligrafo azul,Boligrafo azul ideal para estudiantes,170.68,83,LIBRERIA
971,Botella de aceite,Botella de aceite sin azucar anadido,16.01,60,ALIMENTACION
972,Libro de aventuras,Libro de aventuras ideal para estudiantes,405.56,59,LIBRERIA
973,Pesas ajustables,Pesas ajustables facil de transportar,417.88,33,DEPORTE
974,Cojin decorativo,Cojin decorativo diseno elegante,243.87,52,HOGAR
975,Camiseta basica,Camiseta basica corte moderno,382.77,65,ROPA
976,Tableta de chocolate,Tableta de chocolate en envase reciclable,38.93,74,ALIMENTACION
977,Esterilla de yoga,Esterilla de yoga resistente y duradero,86.19,22,DEPORTE
978,Zapatillas deportivas,Zapatillas deportivas gran comodidad,103.24,73,ROPA
979,Cuaderno de notas,Cuaderno de notas con diseno exclusivo,395.34,7,LIBRERIA
980,Caja de cereales,Caja de cereales de cultivo ecologico,40.27,59,ALIMENTACION
981,Raqueta de tenis,Raqueta de tenis facil de transportar,5.42,19,DEPORTE
982,Coche teledirigido,Coche teledirigido estimula la creatividad,157.23,24,JUGUETERIA
983,Coche teledirigido,Coche teledirigido con accesorios incluidos,49.63,32,JUGUETERIA
984,Set de marcadores,Set de marcadores con diseno exclusivo,7.45,21,LIBRERIA
985,Lampara de escritorio,Lampara de escritorio perfecto para el hogar,277.17,51,HOGAR
986,Juego de mesa familiar,Juego de mesa familiar con accesorios incluidos,416.52,91,JUGUETERIA
987,Muñeca articulada,Muñeca articulada con accesorios incluidos,68.61,98,JUGUETERIA
988,Boligrafo azul,Boligrafo azul con diseno exclusivo,449.52,87,LIBRERIA
989,Esterilla de yoga,Esterilla de yoga facil de transportar,269.39,45,DEPORTE
990,Cargador portatil,Cargador portatil multiusos,114.74,78,OTROS
991,Cuaderno de notas,Cuaderno de notas con diseno exclusivo,184.33,65,LIBRERIA
992,Auriculares Bluetooth,Auriculares Bluetooth ideal para entretenimiento,377.08,10,ELECTRONICA
993,Coche teledirigido,Coche teledirigido con accesorios incluidos,98.05,28,JUGUETERIA
994,Chaqueta impermeable,Chaqueta impermeable algodon organico,173.1,84,ROPA
995,Boligrafo azul,Boligrafo azul papel reciclado,146.06,50,LIBRERIA
996,Maleta de viaje,Maleta de viaje diseno innovador,479.46,54,OTROS
997,Cuaderno de notas,Cuaderno de notas ideal para estudiantes,342.76,14,LIBRERIA
998,Maleta de viaje,Maleta de viaje diseno innovador,344.6,13,OTROS
999,Balon de futbol,Balon de futbol ideal para entrenamiento,162.92,74,DEPORTE
1000,Pesas ajustables,Pesas ajustables resistente y duradero,245.64,86,DEPORTE
